Created by PLY version 3.11 (http://www.dabeaz.com/ply)

Grammar

Rule 0     S' -> program
Rule 1     program -> statements
Rule 2     statements -> statement statements
Rule 3     statements -> statement
Rule 4     statement -> declaration
Rule 5     statement -> assignment
Rule 6     statement -> expression SEMI
Rule 7     statement -> if_stmt
Rule 8     statement -> while_stmt
Rule 9     statement -> for_stmt
Rule 10    statement -> output_stmt
Rule 11    statement -> input_stmt
Rule 12    statement -> func_decl
Rule 13    statement -> return_stmt
Rule 14    statement -> func_call_stmt
Rule 15    statement -> break_stmt
Rule 16    statement -> continue_stmt
Rule 17    statement -> adt_decl
Rule 18    declaration -> type ID SEMI
Rule 19    declaration -> type ID ASSIGN expression SEMI
Rule 20    declaration -> type ID LBRACKET expression RBRACKET SEMI
Rule 21    type -> INT_TYPE
Rule 22    type -> FLOAT_TYPE
Rule 23    type -> STRING_TYPE
Rule 24    type -> BOOL_TYPE
Rule 25    type -> CHAR_TYPE
Rule 26    type -> VOID_TYPE
Rule 27    type -> ID
Rule 28    expression -> expression PLUS expression
Rule 29    expression -> expression MINUS expression
Rule 30    expression -> expression TIMES expression
Rule 31    expression -> expression DIVIDE expression
Rule 32    expression -> expression MOD expression
Rule 33    expression -> expression AND expression
Rule 34    expression -> expression OR expression
Rule 35    expression -> expression EQ expression
Rule 36    expression -> expression NEQ expression
Rule 37    expression -> expression LT expression
Rule 38    expression -> expression LE expression
Rule 39    expression -> expression GT expression
Rule 40    expression -> expression GE expression
Rule 41    expression -> expression BIT_AND expression
Rule 42    expression -> expression BIT_OR expression
Rule 43    expression -> expression BIT_XOR expression
Rule 44    expression -> expression SHIFT_LEFT expression
Rule 45    expression -> expression SHIFT_RIGHT expression
Rule 46    expression -> MINUS expression
Rule 47    expression -> NOT expression
Rule 48    expression -> BIT_NOT expression
Rule 49    expression -> INCREMENT expression
Rule 50    expression -> DECREMENT expression
Rule 51    expression -> LPAREN expression RPAREN
Rule 52    expression -> INTEGER
Rule 53    expression -> FLOAT
Rule 54    expression -> ID
Rule 55    expression -> ID LBRACKET expression RBRACKET
Rule 56    expression -> ID DOT ID
Rule 57    expression -> func_call
Rule 58    expression -> STRING
Rule 59    expression -> TRUE
Rule 60    expression -> FALSE
Rule 61    param_list_opt -> param_list
Rule 62    param_list_opt -> empty
Rule 63    param_list -> param COMMA param_list
Rule 64    param_list -> param
Rule 65    param -> type ID
Rule 66    param -> type ID LBRACKET RBRACKET
Rule 67    return_stmt -> RETURN expression SEMI
Rule 68    return_stmt -> RETURN SEMI
Rule 69    func_call_stmt -> func_call SEMI
Rule 70    func_call -> ID LPAREN arg_list_opt RPAREN
Rule 71    func_call -> ID DOT ID LPAREN arg_list_opt RPAREN
Rule 72    func_decl -> func_start statements ENDFUNC
Rule 73    func_start -> FUNC ID LPAREN param_list_opt RPAREN COLON
Rule 74    arg_list_opt -> arg_list
Rule 75    arg_list_opt -> empty
Rule 76    arg_list -> arg COMMA arg_list
Rule 77    arg_list -> arg
Rule 78    arg -> ID
Rule 79    arg -> expression
Rule 80    adt_head -> ADT ID LPAREN param_list_opt RPAREN COLON
Rule 81    adt_decl -> adt_head adt_body ENDADT
Rule 82    adt_body -> visibility_block adt_body
Rule 83    adt_body -> visibility_block
Rule 84    visibility_block -> PRIVATE COLON member_list
Rule 85    visibility_block -> PUBLIC COLON member_list
Rule 86    member_list -> member_decl member_list
Rule 87    member_list -> member_decl
Rule 88    member_decl -> type ID SEMI
Rule 89    member_decl -> func_decl
Rule 90    assignment -> lvalue ASSIGN expression SEMI
Rule 91    lvalue -> ID
Rule 92    lvalue -> ID DOT ID
Rule 93    lvalue -> ID LBRACKET expression RBRACKET
Rule 94    for_stmt -> for_header statements ENDFOR
Rule 95    for_header -> FOR LPAREN ID IN expression RANGE expression RPAREN COLON
Rule 96    break_stmt -> BREAK SEMI
Rule 97    continue_stmt -> CONTINUE SEMI
Rule 98    if_stmt -> IF LPAREN expression RPAREN COLON statements ENDIF
Rule 99    if_stmt -> IF LPAREN expression RPAREN COLON statements ELSE COLON statements ENDIF
Rule 100   while_stmt -> WHILE LPAREN expression RPAREN COLON statements ENDWHILE
Rule 101   output_stmt -> OUTPUT expression SEMI
Rule 102   statement -> ID LPAREN expression RPAREN SEMI
Rule 103   input_stmt -> INPUT ID SEMI
Rule 104   empty -> <empty>

Terminals, with rules where they appear

ADT                  : 80
AND                  : 33
ASSIGN               : 19 90
BIT_AND              : 41
BIT_NOT              : 48
BIT_OR               : 42
BIT_XOR              : 43
BOOL_TYPE            : 24
BREAK                : 96
CHAR_TYPE            : 25
COLON                : 73 80 84 85 95 98 99 99 100
COMMA                : 63 76
CONTINUE             : 97
DECREMENT            : 50
DIVIDE               : 31
DOT                  : 56 71 92
ELSE                 : 99
ENDADT               : 81
ENDFOR               : 94
ENDFUNC              : 72
ENDIF                : 98 99
ENDWHILE             : 100
EQ                   : 35
FALSE                : 60
FLOAT                : 53
FLOAT_TYPE           : 22
FOR                  : 95
FUNC                 : 73
GE                   : 40
GT                   : 39
ID                   : 18 19 20 27 54 55 56 56 65 66 70 71 71 73 78 80 88 91 92 92 93 95 102 103
IF                   : 98 99
IN                   : 95
INCREMENT            : 49
INPUT                : 103
INTEGER              : 52
INT_TYPE             : 21
LBRACKET             : 20 55 66 93
LE                   : 38
LPAREN               : 51 70 71 73 80 95 98 99 100 102
LT                   : 37
MINUS                : 29 46
MOD                  : 32
NEQ                  : 36
NOT                  : 47
OR                   : 34
OUTPUT               : 101
PLUS                 : 28
PRIVATE              : 84
PUBLIC               : 85
RANGE                : 95
RBRACKET             : 20 55 66 93
RETURN               : 67 68
RPAREN               : 51 70 71 73 80 95 98 99 100 102
SEMI                 : 6 18 19 20 67 68 69 88 90 96 97 101 102 103
SHIFT_LEFT           : 44
SHIFT_RIGHT          : 45
STRING               : 58
STRING_TYPE          : 23
TIMES                : 30
TRUE                 : 59
VOID_TYPE            : 26
WHILE                : 100
error                : 

Nonterminals, with rules where they appear

adt_body             : 81 82
adt_decl             : 17
adt_head             : 81
arg                  : 76 77
arg_list             : 74 76
arg_list_opt         : 70 71
assignment           : 5
break_stmt           : 15
continue_stmt        : 16
declaration          : 4
empty                : 62 75
expression           : 6 19 20 28 28 29 29 30 30 31 31 32 32 33 33 34 34 35 35 36 36 37 37 38 38 39 39 40 40 41 41 42 42 43 43 44 44 45 45 46 47 48 49 50 51 55 67 79 90 93 95 95 98 99 100 101 102
for_header           : 94
for_stmt             : 9
func_call            : 57 69
func_call_stmt       : 14
func_decl            : 12 89
func_start           : 72
if_stmt              : 7
input_stmt           : 11
lvalue               : 90
member_decl          : 86 87
member_list          : 84 85 86
output_stmt          : 10
param                : 63 64
param_list           : 61 63
param_list_opt       : 73 80
program              : 0
return_stmt          : 13
statement            : 2 3
statements           : 1 2 72 94 98 99 99 100
type                 : 18 19 20 65 66 88
visibility_block     : 82 83
while_stmt           : 8

Parsing method: LALR

state 0

    (0) S' -> . program
    (1) program -> . statements
    (2) statements -> . statement statements
    (3) statements -> . statement
    (4) statement -> . declaration
    (5) statement -> . assignment
    (6) statement -> . expression SEMI
    (7) statement -> . if_stmt
    (8) statement -> . while_stmt
    (9) statement -> . for_stmt
    (10) statement -> . output_stmt
    (11) statement -> . input_stmt
    (12) statement -> . func_decl
    (13) statement -> . return_stmt
    (14) statement -> . func_call_stmt
    (15) statement -> . break_stmt
    (16) statement -> . continue_stmt
    (17) statement -> . adt_decl
    (102) statement -> . ID LPAREN expression RPAREN SEMI
    (18) declaration -> . type ID SEMI
    (19) declaration -> . type ID ASSIGN expression SEMI
    (20) declaration -> . type ID LBRACKET expression RBRACKET SEMI
    (90) assignment -> . lvalue ASSIGN expression SEMI
    (28) expression -> . expression PLUS expression
    (29) expression -> . expression MINUS expression
    (30) expression -> . expression TIMES expression
    (31) expression -> . expression DIVIDE expression
    (32) expression -> . expression MOD expression
    (33) expression -> . expression AND expression
    (34) expression -> . expression OR expression
    (35) expression -> . expression EQ expression
    (36) expression -> . expression NEQ expression
    (37) expression -> . expression LT expression
    (38) expression -> . expression LE expression
    (39) expression -> . expression GT expression
    (40) expression -> . expression GE expression
    (41) expression -> . expression BIT_AND expression
    (42) expression -> . expression BIT_OR expression
    (43) expression -> . expression BIT_XOR expression
    (44) expression -> . expression SHIFT_LEFT expression
    (45) expression -> . expression SHIFT_RIGHT expression
    (46) expression -> . MINUS expression
    (47) expression -> . NOT expression
    (48) expression -> . BIT_NOT expression
    (49) expression -> . INCREMENT expression
    (50) expression -> . DECREMENT expression
    (51) expression -> . LPAREN expression RPAREN
    (52) expression -> . INTEGER
    (53) expression -> . FLOAT
    (54) expression -> . ID
    (55) expression -> . ID LBRACKET expression RBRACKET
    (56) expression -> . ID DOT ID
    (57) expression -> . func_call
    (58) expression -> . STRING
    (59) expression -> . TRUE
    (60) expression -> . FALSE
    (98) if_stmt -> . IF LPAREN expression RPAREN COLON statements ENDIF
    (99) if_stmt -> . IF LPAREN expression RPAREN COLON statements ELSE COLON statements ENDIF
    (100) while_stmt -> . WHILE LPAREN expression RPAREN COLON statements ENDWHILE
    (94) for_stmt -> . for_header statements ENDFOR
    (101) output_stmt -> . OUTPUT expression SEMI
    (103) input_stmt -> . INPUT ID SEMI
    (72) func_decl -> . func_start statements ENDFUNC
    (67) return_stmt -> . RETURN expression SEMI
    (68) return_stmt -> . RETURN SEMI
    (69) func_call_stmt -> . func_call SEMI
    (96) break_stmt -> . BREAK SEMI
    (97) continue_stmt -> . CONTINUE SEMI
    (81) adt_decl -> . adt_head adt_body ENDADT
    (21) type -> . INT_TYPE
    (22) type -> . FLOAT_TYPE
    (23) type -> . STRING_TYPE
    (24) type -> . BOOL_TYPE
    (25) type -> . CHAR_TYPE
    (26) type -> . VOID_TYPE
    (27) type -> . ID
    (91) lvalue -> . ID
    (92) lvalue -> . ID DOT ID
    (93) lvalue -> . ID LBRACKET expression RBRACKET
    (70) func_call -> . ID LPAREN arg_list_opt RPAREN
    (71) func_call -> . ID DOT ID LPAREN arg_list_opt RPAREN
    (95) for_header -> . FOR LPAREN ID IN expression RANGE expression RPAREN COLON
    (73) func_start -> . FUNC ID LPAREN param_list_opt RPAREN COLON
    (80) adt_head -> . ADT ID LPAREN param_list_opt RPAREN COLON

    ID              shift and go to state 18
    MINUS           shift and go to state 22
    NOT             shift and go to state 23
    BIT_NOT         shift and go to state 24
    INCREMENT       shift and go to state 25
    DECREMENT       shift and go to state 26
    LPAREN          shift and go to state 19
    INTEGER         shift and go to state 27
    FLOAT           shift and go to state 28
    STRING          shift and go to state 30
    TRUE            shift and go to state 31
    FALSE           shift and go to state 32
    IF              shift and go to state 33
    WHILE           shift and go to state 34
    OUTPUT          shift and go to state 36
    INPUT           shift and go to state 37
    RETURN          shift and go to state 39
    BREAK           shift and go to state 40
    CONTINUE        shift and go to state 41
    INT_TYPE        shift and go to state 43
    FLOAT_TYPE      shift and go to state 44
    STRING_TYPE     shift and go to state 45
    BOOL_TYPE       shift and go to state 46
    CHAR_TYPE       shift and go to state 47
    VOID_TYPE       shift and go to state 48
    FOR             shift and go to state 49
    FUNC            shift and go to state 50
    ADT             shift and go to state 51

    program                        shift and go to state 1
    statements                     shift and go to state 2
    statement                      shift and go to state 3
    declaration                    shift and go to state 4
    assignment                     shift and go to state 5
    expression                     shift and go to state 6
    if_stmt                        shift and go to state 7
    while_stmt                     shift and go to state 8
    for_stmt                       shift and go to state 9
    output_stmt                    shift and go to state 10
    input_stmt                     shift and go to state 11
    func_decl                      shift and go to state 12
    return_stmt                    shift and go to state 13
    func_call_stmt                 shift and go to state 14
    break_stmt                     shift and go to state 15
    continue_stmt                  shift and go to state 16
    adt_decl                       shift and go to state 17
    type                           shift and go to state 20
    lvalue                         shift and go to state 21
    func_call                      shift and go to state 29
    for_header                     shift and go to state 35
    func_start                     shift and go to state 38
    adt_head                       shift and go to state 42

state 1

    (0) S' -> program .



state 2

    (1) program -> statements .

    $end            reduce using rule 1 (program -> statements .)


state 3

    (2) statements -> statement . statements
    (3) statements -> statement .
    (2) statements -> . statement statements
    (3) statements -> . statement
    (4) statement -> . declaration
    (5) statement -> . assignment
    (6) statement -> . expression SEMI
    (7) statement -> . if_stmt
    (8) statement -> . while_stmt
    (9) statement -> . for_stmt
    (10) statement -> . output_stmt
    (11) statement -> . input_stmt
    (12) statement -> . func_decl
    (13) statement -> . return_stmt
    (14) statement -> . func_call_stmt
    (15) statement -> . break_stmt
    (16) statement -> . continue_stmt
    (17) statement -> . adt_decl
    (102) statement -> . ID LPAREN expression RPAREN SEMI
    (18) declaration -> . type ID SEMI
    (19) declaration -> . type ID ASSIGN expression SEMI
    (20) declaration -> . type ID LBRACKET expression RBRACKET SEMI
    (90) assignment -> . lvalue ASSIGN expression SEMI
    (28) expression -> . expression PLUS expression
    (29) expression -> . expression MINUS expression
    (30) expression -> . expression TIMES expression
    (31) expression -> . expression DIVIDE expression
    (32) expression -> . expression MOD expression
    (33) expression -> . expression AND expression
    (34) expression -> . expression OR expression
    (35) expression -> . expression EQ expression
    (36) expression -> . expression NEQ expression
    (37) expression -> . expression LT expression
    (38) expression -> . expression LE expression
    (39) expression -> . expression GT expression
    (40) expression -> . expression GE expression
    (41) expression -> . expression BIT_AND expression
    (42) expression -> . expression BIT_OR expression
    (43) expression -> . expression BIT_XOR expression
    (44) expression -> . expression SHIFT_LEFT expression
    (45) expression -> . expression SHIFT_RIGHT expression
    (46) expression -> . MINUS expression
    (47) expression -> . NOT expression
    (48) expression -> . BIT_NOT expression
    (49) expression -> . INCREMENT expression
    (50) expression -> . DECREMENT expression
    (51) expression -> . LPAREN expression RPAREN
    (52) expression -> . INTEGER
    (53) expression -> . FLOAT
    (54) expression -> . ID
    (55) expression -> . ID LBRACKET expression RBRACKET
    (56) expression -> . ID DOT ID
    (57) expression -> . func_call
    (58) expression -> . STRING
    (59) expression -> . TRUE
    (60) expression -> . FALSE
    (98) if_stmt -> . IF LPAREN expression RPAREN COLON statements ENDIF
    (99) if_stmt -> . IF LPAREN expression RPAREN COLON statements ELSE COLON statements ENDIF
    (100) while_stmt -> . WHILE LPAREN expression RPAREN COLON statements ENDWHILE
    (94) for_stmt -> . for_header statements ENDFOR
    (101) output_stmt -> . OUTPUT expression SEMI
    (103) input_stmt -> . INPUT ID SEMI
    (72) func_decl -> . func_start statements ENDFUNC
    (67) return_stmt -> . RETURN expression SEMI
    (68) return_stmt -> . RETURN SEMI
    (69) func_call_stmt -> . func_call SEMI
    (96) break_stmt -> . BREAK SEMI
    (97) continue_stmt -> . CONTINUE SEMI
    (81) adt_decl -> . adt_head adt_body ENDADT
    (21) type -> . INT_TYPE
    (22) type -> . FLOAT_TYPE
    (23) type -> . STRING_TYPE
    (24) type -> . BOOL_TYPE
    (25) type -> . CHAR_TYPE
    (26) type -> . VOID_TYPE
    (27) type -> . ID
    (91) lvalue -> . ID
    (92) lvalue -> . ID DOT ID
    (93) lvalue -> . ID LBRACKET expression RBRACKET
    (70) func_call -> . ID LPAREN arg_list_opt RPAREN
    (71) func_call -> . ID DOT ID LPAREN arg_list_opt RPAREN
    (95) for_header -> . FOR LPAREN ID IN expression RANGE expression RPAREN COLON
    (73) func_start -> . FUNC ID LPAREN param_list_opt RPAREN COLON
    (80) adt_head -> . ADT ID LPAREN param_list_opt RPAREN COLON

    $end            reduce using rule 3 (statements -> statement .)
    ENDFOR          reduce using rule 3 (statements -> statement .)
    ENDFUNC         reduce using rule 3 (statements -> statement .)
    ENDIF           reduce using rule 3 (statements -> statement .)
    ELSE            reduce using rule 3 (statements -> statement .)
    ENDWHILE        reduce using rule 3 (statements -> statement .)
    ID              shift and go to state 18
    MINUS           shift and go to state 22
    NOT             shift and go to state 23
    BIT_NOT         shift and go to state 24
    INCREMENT       shift and go to state 25
    DECREMENT       shift and go to state 26
    LPAREN          shift and go to state 19
    INTEGER         shift and go to state 27
    FLOAT           shift and go to state 28
    STRING          shift and go to state 30
    TRUE            shift and go to state 31
    FALSE           shift and go to state 32
    IF              shift and go to state 33
    WHILE           shift and go to state 34
    OUTPUT          shift and go to state 36
    INPUT           shift and go to state 37
    RETURN          shift and go to state 39
    BREAK           shift and go to state 40
    CONTINUE        shift and go to state 41
    INT_TYPE        shift and go to state 43
    FLOAT_TYPE      shift and go to state 44
    STRING_TYPE     shift and go to state 45
    BOOL_TYPE       shift and go to state 46
    CHAR_TYPE       shift and go to state 47
    VOID_TYPE       shift and go to state 48
    FOR             shift and go to state 49
    FUNC            shift and go to state 50
    ADT             shift and go to state 51

    statement                      shift and go to state 3
    statements                     shift and go to state 52
    declaration                    shift and go to state 4
    assignment                     shift and go to state 5
    expression                     shift and go to state 6
    if_stmt                        shift and go to state 7
    while_stmt                     shift and go to state 8
    for_stmt                       shift and go to state 9
    output_stmt                    shift and go to state 10
    input_stmt                     shift and go to state 11
    func_decl                      shift and go to state 12
    return_stmt                    shift and go to state 13
    func_call_stmt                 shift and go to state 14
    break_stmt                     shift and go to state 15
    continue_stmt                  shift and go to state 16
    adt_decl                       shift and go to state 17
    type                           shift and go to state 20
    lvalue                         shift and go to state 21
    func_call                      shift and go to state 29
    for_header                     shift and go to state 35
    func_start                     shift and go to state 38
    adt_head                       shift and go to state 42

state 4

    (4) statement -> declaration .

    ID              reduce using rule 4 (statement -> declaration .)
    MINUS           reduce using rule 4 (statement -> declaration .)
    NOT             reduce using rule 4 (statement -> declaration .)
    BIT_NOT         reduce using rule 4 (statement -> declaration .)
    INCREMENT       reduce using rule 4 (statement -> declaration .)
    DECREMENT       reduce using rule 4 (statement -> declaration .)
    LPAREN          reduce using rule 4 (statement -> declaration .)
    INTEGER         reduce using rule 4 (statement -> declaration .)
    FLOAT           reduce using rule 4 (statement -> declaration .)
    STRING          reduce using rule 4 (statement -> declaration .)
    TRUE            reduce using rule 4 (statement -> declaration .)
    FALSE           reduce using rule 4 (statement -> declaration .)
    IF              reduce using rule 4 (statement -> declaration .)
    WHILE           reduce using rule 4 (statement -> declaration .)
    OUTPUT          reduce using rule 4 (statement -> declaration .)
    INPUT           reduce using rule 4 (statement -> declaration .)
    RETURN          reduce using rule 4 (statement -> declaration .)
    BREAK           reduce using rule 4 (statement -> declaration .)
    CONTINUE        reduce using rule 4 (statement -> declaration .)
    INT_TYPE        reduce using rule 4 (statement -> declaration .)
    FLOAT_TYPE      reduce using rule 4 (statement -> declaration .)
    STRING_TYPE     reduce using rule 4 (statement -> declaration .)
    BOOL_TYPE       reduce using rule 4 (statement -> declaration .)
    CHAR_TYPE       reduce using rule 4 (statement -> declaration .)
    VOID_TYPE       reduce using rule 4 (statement -> declaration .)
    FOR             reduce using rule 4 (statement -> declaration .)
    FUNC            reduce using rule 4 (statement -> declaration .)
    ADT             reduce using rule 4 (statement -> declaration .)
    $end            reduce using rule 4 (statement -> declaration .)
    ENDFOR          reduce using rule 4 (statement -> declaration .)
    ENDFUNC         reduce using rule 4 (statement -> declaration .)
    ENDIF           reduce using rule 4 (statement -> declaration .)
    ELSE            reduce using rule 4 (statement -> declaration .)
    ENDWHILE        reduce using rule 4 (statement -> declaration .)


state 5

    (5) statement -> assignment .

    ID              reduce using rule 5 (statement -> assignment .)
    MINUS           reduce using rule 5 (statement -> assignment .)
    NOT             reduce using rule 5 (statement -> assignment .)
    BIT_NOT         reduce using rule 5 (statement -> assignment .)
    INCREMENT       reduce using rule 5 (statement -> assignment .)
    DECREMENT       reduce using rule 5 (statement -> assignment .)
    LPAREN          reduce using rule 5 (statement -> assignment .)
    INTEGER         reduce using rule 5 (statement -> assignment .)
    FLOAT           reduce using rule 5 (statement -> assignment .)
    STRING          reduce using rule 5 (statement -> assignment .)
    TRUE            reduce using rule 5 (statement -> assignment .)
    FALSE           reduce using rule 5 (statement -> assignment .)
    IF              reduce using rule 5 (statement -> assignment .)
    WHILE           reduce using rule 5 (statement -> assignment .)
    OUTPUT          reduce using rule 5 (statement -> assignment .)
    INPUT           reduce using rule 5 (statement -> assignment .)
    RETURN          reduce using rule 5 (statement -> assignment .)
    BREAK           reduce using rule 5 (statement -> assignment .)
    CONTINUE        reduce using rule 5 (statement -> assignment .)
    INT_TYPE        reduce using rule 5 (statement -> assignment .)
    FLOAT_TYPE      reduce using rule 5 (statement -> assignment .)
    STRING_TYPE     reduce using rule 5 (statement -> assignment .)
    BOOL_TYPE       reduce using rule 5 (statement -> assignment .)
    CHAR_TYPE       reduce using rule 5 (statement -> assignment .)
    VOID_TYPE       reduce using rule 5 (statement -> assignment .)
    FOR             reduce using rule 5 (statement -> assignment .)
    FUNC            reduce using rule 5 (statement -> assignment .)
    ADT             reduce using rule 5 (statement -> assignment .)
    $end            reduce using rule 5 (statement -> assignment .)
    ENDFOR          reduce using rule 5 (statement -> assignment .)
    ENDFUNC         reduce using rule 5 (statement -> assignment .)
    ENDIF           reduce using rule 5 (statement -> assignment .)
    ELSE            reduce using rule 5 (statement -> assignment .)
    ENDWHILE        reduce using rule 5 (statement -> assignment .)


state 6

    (6) statement -> expression . SEMI
    (28) expression -> expression . PLUS expression
    (29) expression -> expression . MINUS expression
    (30) expression -> expression . TIMES expression
    (31) expression -> expression . DIVIDE expression
    (32) expression -> expression . MOD expression
    (33) expression -> expression . AND expression
    (34) expression -> expression . OR expression
    (35) expression -> expression . EQ expression
    (36) expression -> expression . NEQ expression
    (37) expression -> expression . LT expression
    (38) expression -> expression . LE expression
    (39) expression -> expression . GT expression
    (40) expression -> expression . GE expression
    (41) expression -> expression . BIT_AND expression
    (42) expression -> expression . BIT_OR expression
    (43) expression -> expression . BIT_XOR expression
    (44) expression -> expression . SHIFT_LEFT expression
    (45) expression -> expression . SHIFT_RIGHT expression

    SEMI            shift and go to state 53
    PLUS            shift and go to state 54
    MINUS           shift and go to state 55
    TIMES           shift and go to state 56
    DIVIDE          shift and go to state 57
    MOD             shift and go to state 58
    AND             shift and go to state 59
    OR              shift and go to state 60
    EQ              shift and go to state 61
    NEQ             shift and go to state 62
    LT              shift and go to state 63
    LE              shift and go to state 64
    GT              shift and go to state 65
    GE              shift and go to state 66
    BIT_AND         shift and go to state 67
    BIT_OR          shift and go to state 68
    BIT_XOR         shift and go to state 69
    SHIFT_LEFT      shift and go to state 70
    SHIFT_RIGHT     shift and go to state 71


state 7

    (7) statement -> if_stmt .

    ID              reduce using rule 7 (statement -> if_stmt .)
    MINUS           reduce using rule 7 (statement -> if_stmt .)
    NOT             reduce using rule 7 (statement -> if_stmt .)
    BIT_NOT         reduce using rule 7 (statement -> if_stmt .)
    INCREMENT       reduce using rule 7 (statement -> if_stmt .)
    DECREMENT       reduce using rule 7 (statement -> if_stmt .)
    LPAREN          reduce using rule 7 (statement -> if_stmt .)
    INTEGER         reduce using rule 7 (statement -> if_stmt .)
    FLOAT           reduce using rule 7 (statement -> if_stmt .)
    STRING          reduce using rule 7 (statement -> if_stmt .)
    TRUE            reduce using rule 7 (statement -> if_stmt .)
    FALSE           reduce using rule 7 (statement -> if_stmt .)
    IF              reduce using rule 7 (statement -> if_stmt .)
    WHILE           reduce using rule 7 (statement -> if_stmt .)
    OUTPUT          reduce using rule 7 (statement -> if_stmt .)
    INPUT           reduce using rule 7 (statement -> if_stmt .)
    RETURN          reduce using rule 7 (statement -> if_stmt .)
    BREAK           reduce using rule 7 (statement -> if_stmt .)
    CONTINUE        reduce using rule 7 (statement -> if_stmt .)
    INT_TYPE        reduce using rule 7 (statement -> if_stmt .)
    FLOAT_TYPE      reduce using rule 7 (statement -> if_stmt .)
    STRING_TYPE     reduce using rule 7 (statement -> if_stmt .)
    BOOL_TYPE       reduce using rule 7 (statement -> if_stmt .)
    CHAR_TYPE       reduce using rule 7 (statement -> if_stmt .)
    VOID_TYPE       reduce using rule 7 (statement -> if_stmt .)
    FOR             reduce using rule 7 (statement -> if_stmt .)
    FUNC            reduce using rule 7 (statement -> if_stmt .)
    ADT             reduce using rule 7 (statement -> if_stmt .)
    $end            reduce using rule 7 (statement -> if_stmt .)
    ENDFOR          reduce using rule 7 (statement -> if_stmt .)
    ENDFUNC         reduce using rule 7 (statement -> if_stmt .)
    ENDIF           reduce using rule 7 (statement -> if_stmt .)
    ELSE            reduce using rule 7 (statement -> if_stmt .)
    ENDWHILE        reduce using rule 7 (statement -> if_stmt .)


state 8

    (8) statement -> while_stmt .

    ID              reduce using rule 8 (statement -> while_stmt .)
    MINUS           reduce using rule 8 (statement -> while_stmt .)
    NOT             reduce using rule 8 (statement -> while_stmt .)
    BIT_NOT         reduce using rule 8 (statement -> while_stmt .)
    INCREMENT       reduce using rule 8 (statement -> while_stmt .)
    DECREMENT       reduce using rule 8 (statement -> while_stmt .)
    LPAREN          reduce using rule 8 (statement -> while_stmt .)
    INTEGER         reduce using rule 8 (statement -> while_stmt .)
    FLOAT           reduce using rule 8 (statement -> while_stmt .)
    STRING          reduce using rule 8 (statement -> while_stmt .)
    TRUE            reduce using rule 8 (statement -> while_stmt .)
    FALSE           reduce using rule 8 (statement -> while_stmt .)
    IF              reduce using rule 8 (statement -> while_stmt .)
    WHILE           reduce using rule 8 (statement -> while_stmt .)
    OUTPUT          reduce using rule 8 (statement -> while_stmt .)
    INPUT           reduce using rule 8 (statement -> while_stmt .)
    RETURN          reduce using rule 8 (statement -> while_stmt .)
    BREAK           reduce using rule 8 (statement -> while_stmt .)
    CONTINUE        reduce using rule 8 (statement -> while_stmt .)
    INT_TYPE        reduce using rule 8 (statement -> while_stmt .)
    FLOAT_TYPE      reduce using rule 8 (statement -> while_stmt .)
    STRING_TYPE     reduce using rule 8 (statement -> while_stmt .)
    BOOL_TYPE       reduce using rule 8 (statement -> while_stmt .)
    CHAR_TYPE       reduce using rule 8 (statement -> while_stmt .)
    VOID_TYPE       reduce using rule 8 (statement -> while_stmt .)
    FOR             reduce using rule 8 (statement -> while_stmt .)
    FUNC            reduce using rule 8 (statement -> while_stmt .)
    ADT             reduce using rule 8 (statement -> while_stmt .)
    $end            reduce using rule 8 (statement -> while_stmt .)
    ENDFOR          reduce using rule 8 (statement -> while_stmt .)
    ENDFUNC         reduce using rule 8 (statement -> while_stmt .)
    ENDIF           reduce using rule 8 (statement -> while_stmt .)
    ELSE            reduce using rule 8 (statement -> while_stmt .)
    ENDWHILE        reduce using rule 8 (statement -> while_stmt .)


state 9

    (9) statement -> for_stmt .

    ID              reduce using rule 9 (statement -> for_stmt .)
    MINUS           reduce using rule 9 (statement -> for_stmt .)
    NOT             reduce using rule 9 (statement -> for_stmt .)
    BIT_NOT         reduce using rule 9 (statement -> for_stmt .)
    INCREMENT       reduce using rule 9 (statement -> for_stmt .)
    DECREMENT       reduce using rule 9 (statement -> for_stmt .)
    LPAREN          reduce using rule 9 (statement -> for_stmt .)
    INTEGER         reduce using rule 9 (statement -> for_stmt .)
    FLOAT           reduce using rule 9 (statement -> for_stmt .)
    STRING          reduce using rule 9 (statement -> for_stmt .)
    TRUE            reduce using rule 9 (statement -> for_stmt .)
    FALSE           reduce using rule 9 (statement -> for_stmt .)
    IF              reduce using rule 9 (statement -> for_stmt .)
    WHILE           reduce using rule 9 (statement -> for_stmt .)
    OUTPUT          reduce using rule 9 (statement -> for_stmt .)
    INPUT           reduce using rule 9 (statement -> for_stmt .)
    RETURN          reduce using rule 9 (statement -> for_stmt .)
    BREAK           reduce using rule 9 (statement -> for_stmt .)
    CONTINUE        reduce using rule 9 (statement -> for_stmt .)
    INT_TYPE        reduce using rule 9 (statement -> for_stmt .)
    FLOAT_TYPE      reduce using rule 9 (statement -> for_stmt .)
    STRING_TYPE     reduce using rule 9 (statement -> for_stmt .)
    BOOL_TYPE       reduce using rule 9 (statement -> for_stmt .)
    CHAR_TYPE       reduce using rule 9 (statement -> for_stmt .)
    VOID_TYPE       reduce using rule 9 (statement -> for_stmt .)
    FOR             reduce using rule 9 (statement -> for_stmt .)
    FUNC            reduce using rule 9 (statement -> for_stmt .)
    ADT             reduce using rule 9 (statement -> for_stmt .)
    $end            reduce using rule 9 (statement -> for_stmt .)
    ENDFOR          reduce using rule 9 (statement -> for_stmt .)
    ENDFUNC         reduce using rule 9 (statement -> for_stmt .)
    ENDIF           reduce using rule 9 (statement -> for_stmt .)
    ELSE            reduce using rule 9 (statement -> for_stmt .)
    ENDWHILE        reduce using rule 9 (statement -> for_stmt .)


state 10

    (10) statement -> output_stmt .

    ID              reduce using rule 10 (statement -> output_stmt .)
    MINUS           reduce using rule 10 (statement -> output_stmt .)
    NOT             reduce using rule 10 (statement -> output_stmt .)
    BIT_NOT         reduce using rule 10 (statement -> output_stmt .)
    INCREMENT       reduce using rule 10 (statement -> output_stmt .)
    DECREMENT       reduce using rule 10 (statement -> output_stmt .)
    LPAREN          reduce using rule 10 (statement -> output_stmt .)
    INTEGER         reduce using rule 10 (statement -> output_stmt .)
    FLOAT           reduce using rule 10 (statement -> output_stmt .)
    STRING          reduce using rule 10 (statement -> output_stmt .)
    TRUE            reduce using rule 10 (statement -> output_stmt .)
    FALSE           reduce using rule 10 (statement -> output_stmt .)
    IF              reduce using rule 10 (statement -> output_stmt .)
    WHILE           reduce using rule 10 (statement -> output_stmt .)
    OUTPUT          reduce using rule 10 (statement -> output_stmt .)
    INPUT           reduce using rule 10 (statement -> output_stmt .)
    RETURN          reduce using rule 10 (statement -> output_stmt .)
    BREAK           reduce using rule 10 (statement -> output_stmt .)
    CONTINUE        reduce using rule 10 (statement -> output_stmt .)
    INT_TYPE        reduce using rule 10 (statement -> output_stmt .)
    FLOAT_TYPE      reduce using rule 10 (statement -> output_stmt .)
    STRING_TYPE     reduce using rule 10 (statement -> output_stmt .)
    BOOL_TYPE       reduce using rule 10 (statement -> output_stmt .)
    CHAR_TYPE       reduce using rule 10 (statement -> output_stmt .)
    VOID_TYPE       reduce using rule 10 (statement -> output_stmt .)
    FOR             reduce using rule 10 (statement -> output_stmt .)
    FUNC            reduce using rule 10 (statement -> output_stmt .)
    ADT             reduce using rule 10 (statement -> output_stmt .)
    $end            reduce using rule 10 (statement -> output_stmt .)
    ENDFOR          reduce using rule 10 (statement -> output_stmt .)
    ENDFUNC         reduce using rule 10 (statement -> output_stmt .)
    ENDIF           reduce using rule 10 (statement -> output_stmt .)
    ELSE            reduce using rule 10 (statement -> output_stmt .)
    ENDWHILE        reduce using rule 10 (statement -> output_stmt .)


state 11

    (11) statement -> input_stmt .

    ID              reduce using rule 11 (statement -> input_stmt .)
    MINUS           reduce using rule 11 (statement -> input_stmt .)
    NOT             reduce using rule 11 (statement -> input_stmt .)
    BIT_NOT         reduce using rule 11 (statement -> input_stmt .)
    INCREMENT       reduce using rule 11 (statement -> input_stmt .)
    DECREMENT       reduce using rule 11 (statement -> input_stmt .)
    LPAREN          reduce using rule 11 (statement -> input_stmt .)
    INTEGER         reduce using rule 11 (statement -> input_stmt .)
    FLOAT           reduce using rule 11 (statement -> input_stmt .)
    STRING          reduce using rule 11 (statement -> input_stmt .)
    TRUE            reduce using rule 11 (statement -> input_stmt .)
    FALSE           reduce using rule 11 (statement -> input_stmt .)
    IF              reduce using rule 11 (statement -> input_stmt .)
    WHILE           reduce using rule 11 (statement -> input_stmt .)
    OUTPUT          reduce using rule 11 (statement -> input_stmt .)
    INPUT           reduce using rule 11 (statement -> input_stmt .)
    RETURN          reduce using rule 11 (statement -> input_stmt .)
    BREAK           reduce using rule 11 (statement -> input_stmt .)
    CONTINUE        reduce using rule 11 (statement -> input_stmt .)
    INT_TYPE        reduce using rule 11 (statement -> input_stmt .)
    FLOAT_TYPE      reduce using rule 11 (statement -> input_stmt .)
    STRING_TYPE     reduce using rule 11 (statement -> input_stmt .)
    BOOL_TYPE       reduce using rule 11 (statement -> input_stmt .)
    CHAR_TYPE       reduce using rule 11 (statement -> input_stmt .)
    VOID_TYPE       reduce using rule 11 (statement -> input_stmt .)
    FOR             reduce using rule 11 (statement -> input_stmt .)
    FUNC            reduce using rule 11 (statement -> input_stmt .)
    ADT             reduce using rule 11 (statement -> input_stmt .)
    $end            reduce using rule 11 (statement -> input_stmt .)
    ENDFOR          reduce using rule 11 (statement -> input_stmt .)
    ENDFUNC         reduce using rule 11 (statement -> input_stmt .)
    ENDIF           reduce using rule 11 (statement -> input_stmt .)
    ELSE            reduce using rule 11 (statement -> input_stmt .)
    ENDWHILE        reduce using rule 11 (statement -> input_stmt .)


state 12

    (12) statement -> func_decl .

    ID              reduce using rule 12 (statement -> func_decl .)
    MINUS           reduce using rule 12 (statement -> func_decl .)
    NOT             reduce using rule 12 (statement -> func_decl .)
    BIT_NOT         reduce using rule 12 (statement -> func_decl .)
    INCREMENT       reduce using rule 12 (statement -> func_decl .)
    DECREMENT       reduce using rule 12 (statement -> func_decl .)
    LPAREN          reduce using rule 12 (statement -> func_decl .)
    INTEGER         reduce using rule 12 (statement -> func_decl .)
    FLOAT           reduce using rule 12 (statement -> func_decl .)
    STRING          reduce using rule 12 (statement -> func_decl .)
    TRUE            reduce using rule 12 (statement -> func_decl .)
    FALSE           reduce using rule 12 (statement -> func_decl .)
    IF              reduce using rule 12 (statement -> func_decl .)
    WHILE           reduce using rule 12 (statement -> func_decl .)
    OUTPUT          reduce using rule 12 (statement -> func_decl .)
    INPUT           reduce using rule 12 (statement -> func_decl .)
    RETURN          reduce using rule 12 (statement -> func_decl .)
    BREAK           reduce using rule 12 (statement -> func_decl .)
    CONTINUE        reduce using rule 12 (statement -> func_decl .)
    INT_TYPE        reduce using rule 12 (statement -> func_decl .)
    FLOAT_TYPE      reduce using rule 12 (statement -> func_decl .)
    STRING_TYPE     reduce using rule 12 (statement -> func_decl .)
    BOOL_TYPE       reduce using rule 12 (statement -> func_decl .)
    CHAR_TYPE       reduce using rule 12 (statement -> func_decl .)
    VOID_TYPE       reduce using rule 12 (statement -> func_decl .)
    FOR             reduce using rule 12 (statement -> func_decl .)
    FUNC            reduce using rule 12 (statement -> func_decl .)
    ADT             reduce using rule 12 (statement -> func_decl .)
    $end            reduce using rule 12 (statement -> func_decl .)
    ENDFOR          reduce using rule 12 (statement -> func_decl .)
    ENDFUNC         reduce using rule 12 (statement -> func_decl .)
    ENDIF           reduce using rule 12 (statement -> func_decl .)
    ELSE            reduce using rule 12 (statement -> func_decl .)
    ENDWHILE        reduce using rule 12 (statement -> func_decl .)


state 13

    (13) statement -> return_stmt .

    ID              reduce using rule 13 (statement -> return_stmt .)
    MINUS           reduce using rule 13 (statement -> return_stmt .)
    NOT             reduce using rule 13 (statement -> return_stmt .)
    BIT_NOT         reduce using rule 13 (statement -> return_stmt .)
    INCREMENT       reduce using rule 13 (statement -> return_stmt .)
    DECREMENT       reduce using rule 13 (statement -> return_stmt .)
    LPAREN          reduce using rule 13 (statement -> return_stmt .)
    INTEGER         reduce using rule 13 (statement -> return_stmt .)
    FLOAT           reduce using rule 13 (statement -> return_stmt .)
    STRING          reduce using rule 13 (statement -> return_stmt .)
    TRUE            reduce using rule 13 (statement -> return_stmt .)
    FALSE           reduce using rule 13 (statement -> return_stmt .)
    IF              reduce using rule 13 (statement -> return_stmt .)
    WHILE           reduce using rule 13 (statement -> return_stmt .)
    OUTPUT          reduce using rule 13 (statement -> return_stmt .)
    INPUT           reduce using rule 13 (statement -> return_stmt .)
    RETURN          reduce using rule 13 (statement -> return_stmt .)
    BREAK           reduce using rule 13 (statement -> return_stmt .)
    CONTINUE        reduce using rule 13 (statement -> return_stmt .)
    INT_TYPE        reduce using rule 13 (statement -> return_stmt .)
    FLOAT_TYPE      reduce using rule 13 (statement -> return_stmt .)
    STRING_TYPE     reduce using rule 13 (statement -> return_stmt .)
    BOOL_TYPE       reduce using rule 13 (statement -> return_stmt .)
    CHAR_TYPE       reduce using rule 13 (statement -> return_stmt .)
    VOID_TYPE       reduce using rule 13 (statement -> return_stmt .)
    FOR             reduce using rule 13 (statement -> return_stmt .)
    FUNC            reduce using rule 13 (statement -> return_stmt .)
    ADT             reduce using rule 13 (statement -> return_stmt .)
    $end            reduce using rule 13 (statement -> return_stmt .)
    ENDFOR          reduce using rule 13 (statement -> return_stmt .)
    ENDFUNC         reduce using rule 13 (statement -> return_stmt .)
    ENDIF           reduce using rule 13 (statement -> return_stmt .)
    ELSE            reduce using rule 13 (statement -> return_stmt .)
    ENDWHILE        reduce using rule 13 (statement -> return_stmt .)


state 14

    (14) statement -> func_call_stmt .

    ID              reduce using rule 14 (statement -> func_call_stmt .)
    MINUS           reduce using rule 14 (statement -> func_call_stmt .)
    NOT             reduce using rule 14 (statement -> func_call_stmt .)
    BIT_NOT         reduce using rule 14 (statement -> func_call_stmt .)
    INCREMENT       reduce using rule 14 (statement -> func_call_stmt .)
    DECREMENT       reduce using rule 14 (statement -> func_call_stmt .)
    LPAREN          reduce using rule 14 (statement -> func_call_stmt .)
    INTEGER         reduce using rule 14 (statement -> func_call_stmt .)
    FLOAT           reduce using rule 14 (statement -> func_call_stmt .)
    STRING          reduce using rule 14 (statement -> func_call_stmt .)
    TRUE            reduce using rule 14 (statement -> func_call_stmt .)
    FALSE           reduce using rule 14 (statement -> func_call_stmt .)
    IF              reduce using rule 14 (statement -> func_call_stmt .)
    WHILE           reduce using rule 14 (statement -> func_call_stmt .)
    OUTPUT          reduce using rule 14 (statement -> func_call_stmt .)
    INPUT           reduce using rule 14 (statement -> func_call_stmt .)
    RETURN          reduce using rule 14 (statement -> func_call_stmt .)
    BREAK           reduce using rule 14 (statement -> func_call_stmt .)
    CONTINUE        reduce using rule 14 (statement -> func_call_stmt .)
    INT_TYPE        reduce using rule 14 (statement -> func_call_stmt .)
    FLOAT_TYPE      reduce using rule 14 (statement -> func_call_stmt .)
    STRING_TYPE     reduce using rule 14 (statement -> func_call_stmt .)
    BOOL_TYPE       reduce using rule 14 (statement -> func_call_stmt .)
    CHAR_TYPE       reduce using rule 14 (statement -> func_call_stmt .)
    VOID_TYPE       reduce using rule 14 (statement -> func_call_stmt .)
    FOR             reduce using rule 14 (statement -> func_call_stmt .)
    FUNC            reduce using rule 14 (statement -> func_call_stmt .)
    ADT             reduce using rule 14 (statement -> func_call_stmt .)
    $end            reduce using rule 14 (statement -> func_call_stmt .)
    ENDFOR          reduce using rule 14 (statement -> func_call_stmt .)
    ENDFUNC         reduce using rule 14 (statement -> func_call_stmt .)
    ENDIF           reduce using rule 14 (statement -> func_call_stmt .)
    ELSE            reduce using rule 14 (statement -> func_call_stmt .)
    ENDWHILE        reduce using rule 14 (statement -> func_call_stmt .)


state 15

    (15) statement -> break_stmt .

    ID              reduce using rule 15 (statement -> break_stmt .)
    MINUS           reduce using rule 15 (statement -> break_stmt .)
    NOT             reduce using rule 15 (statement -> break_stmt .)
    BIT_NOT         reduce using rule 15 (statement -> break_stmt .)
    INCREMENT       reduce using rule 15 (statement -> break_stmt .)
    DECREMENT       reduce using rule 15 (statement -> break_stmt .)
    LPAREN          reduce using rule 15 (statement -> break_stmt .)
    INTEGER         reduce using rule 15 (statement -> break_stmt .)
    FLOAT           reduce using rule 15 (statement -> break_stmt .)
    STRING          reduce using rule 15 (statement -> break_stmt .)
    TRUE            reduce using rule 15 (statement -> break_stmt .)
    FALSE           reduce using rule 15 (statement -> break_stmt .)
    IF              reduce using rule 15 (statement -> break_stmt .)
    WHILE           reduce using rule 15 (statement -> break_stmt .)
    OUTPUT          reduce using rule 15 (statement -> break_stmt .)
    INPUT           reduce using rule 15 (statement -> break_stmt .)
    RETURN          reduce using rule 15 (statement -> break_stmt .)
    BREAK           reduce using rule 15 (statement -> break_stmt .)
    CONTINUE        reduce using rule 15 (statement -> break_stmt .)
    INT_TYPE        reduce using rule 15 (statement -> break_stmt .)
    FLOAT_TYPE      reduce using rule 15 (statement -> break_stmt .)
    STRING_TYPE     reduce using rule 15 (statement -> break_stmt .)
    BOOL_TYPE       reduce using rule 15 (statement -> break_stmt .)
    CHAR_TYPE       reduce using rule 15 (statement -> break_stmt .)
    VOID_TYPE       reduce using rule 15 (statement -> break_stmt .)
    FOR             reduce using rule 15 (statement -> break_stmt .)
    FUNC            reduce using rule 15 (statement -> break_stmt .)
    ADT             reduce using rule 15 (statement -> break_stmt .)
    $end            reduce using rule 15 (statement -> break_stmt .)
    ENDFOR          reduce using rule 15 (statement -> break_stmt .)
    ENDFUNC         reduce using rule 15 (statement -> break_stmt .)
    ENDIF           reduce using rule 15 (statement -> break_stmt .)
    ELSE            reduce using rule 15 (statement -> break_stmt .)
    ENDWHILE        reduce using rule 15 (statement -> break_stmt .)


state 16

    (16) statement -> continue_stmt .

    ID              reduce using rule 16 (statement -> continue_stmt .)
    MINUS           reduce using rule 16 (statement -> continue_stmt .)
    NOT             reduce using rule 16 (statement -> continue_stmt .)
    BIT_NOT         reduce using rule 16 (statement -> continue_stmt .)
    INCREMENT       reduce using rule 16 (statement -> continue_stmt .)
    DECREMENT       reduce using rule 16 (statement -> continue_stmt .)
    LPAREN          reduce using rule 16 (statement -> continue_stmt .)
    INTEGER         reduce using rule 16 (statement -> continue_stmt .)
    FLOAT           reduce using rule 16 (statement -> continue_stmt .)
    STRING          reduce using rule 16 (statement -> continue_stmt .)
    TRUE            reduce using rule 16 (statement -> continue_stmt .)
    FALSE           reduce using rule 16 (statement -> continue_stmt .)
    IF              reduce using rule 16 (statement -> continue_stmt .)
    WHILE           reduce using rule 16 (statement -> continue_stmt .)
    OUTPUT          reduce using rule 16 (statement -> continue_stmt .)
    INPUT           reduce using rule 16 (statement -> continue_stmt .)
    RETURN          reduce using rule 16 (statement -> continue_stmt .)
    BREAK           reduce using rule 16 (statement -> continue_stmt .)
    CONTINUE        reduce using rule 16 (statement -> continue_stmt .)
    INT_TYPE        reduce using rule 16 (statement -> continue_stmt .)
    FLOAT_TYPE      reduce using rule 16 (statement -> continue_stmt .)
    STRING_TYPE     reduce using rule 16 (statement -> continue_stmt .)
    BOOL_TYPE       reduce using rule 16 (statement -> continue_stmt .)
    CHAR_TYPE       reduce using rule 16 (statement -> continue_stmt .)
    VOID_TYPE       reduce using rule 16 (statement -> continue_stmt .)
    FOR             reduce using rule 16 (statement -> continue_stmt .)
    FUNC            reduce using rule 16 (statement -> continue_stmt .)
    ADT             reduce using rule 16 (statement -> continue_stmt .)
    $end            reduce using rule 16 (statement -> continue_stmt .)
    ENDFOR          reduce using rule 16 (statement -> continue_stmt .)
    ENDFUNC         reduce using rule 16 (statement -> continue_stmt .)
    ENDIF           reduce using rule 16 (statement -> continue_stmt .)
    ELSE            reduce using rule 16 (statement -> continue_stmt .)
    ENDWHILE        reduce using rule 16 (statement -> continue_stmt .)


state 17

    (17) statement -> adt_decl .

    ID              reduce using rule 17 (statement -> adt_decl .)
    MINUS           reduce using rule 17 (statement -> adt_decl .)
    NOT             reduce using rule 17 (statement -> adt_decl .)
    BIT_NOT         reduce using rule 17 (statement -> adt_decl .)
    INCREMENT       reduce using rule 17 (statement -> adt_decl .)
    DECREMENT       reduce using rule 17 (statement -> adt_decl .)
    LPAREN          reduce using rule 17 (statement -> adt_decl .)
    INTEGER         reduce using rule 17 (statement -> adt_decl .)
    FLOAT           reduce using rule 17 (statement -> adt_decl .)
    STRING          reduce using rule 17 (statement -> adt_decl .)
    TRUE            reduce using rule 17 (statement -> adt_decl .)
    FALSE           reduce using rule 17 (statement -> adt_decl .)
    IF              reduce using rule 17 (statement -> adt_decl .)
    WHILE           reduce using rule 17 (statement -> adt_decl .)
    OUTPUT          reduce using rule 17 (statement -> adt_decl .)
    INPUT           reduce using rule 17 (statement -> adt_decl .)
    RETURN          reduce using rule 17 (statement -> adt_decl .)
    BREAK           reduce using rule 17 (statement -> adt_decl .)
    CONTINUE        reduce using rule 17 (statement -> adt_decl .)
    INT_TYPE        reduce using rule 17 (statement -> adt_decl .)
    FLOAT_TYPE      reduce using rule 17 (statement -> adt_decl .)
    STRING_TYPE     reduce using rule 17 (statement -> adt_decl .)
    BOOL_TYPE       reduce using rule 17 (statement -> adt_decl .)
    CHAR_TYPE       reduce using rule 17 (statement -> adt_decl .)
    VOID_TYPE       reduce using rule 17 (statement -> adt_decl .)
    FOR             reduce using rule 17 (statement -> adt_decl .)
    FUNC            reduce using rule 17 (statement -> adt_decl .)
    ADT             reduce using rule 17 (statement -> adt_decl .)
    $end            reduce using rule 17 (statement -> adt_decl .)
    ENDFOR          reduce using rule 17 (statement -> adt_decl .)
    ENDFUNC         reduce using rule 17 (statement -> adt_decl .)
    ENDIF           reduce using rule 17 (statement -> adt_decl .)
    ELSE            reduce using rule 17 (statement -> adt_decl .)
    ENDWHILE        reduce using rule 17 (statement -> adt_decl .)


state 18

    (102) statement -> ID . LPAREN expression RPAREN SEMI
    (54) expression -> ID .
    (55) expression -> ID . LBRACKET expression RBRACKET
    (56) expression -> ID . DOT ID
    (27) type -> ID .
    (91) lvalue -> ID .
    (92) lvalue -> ID . DOT ID
    (93) lvalue -> ID . LBRACKET expression RBRACKET
    (70) func_call -> ID . LPAREN arg_list_opt RPAREN
    (71) func_call -> ID . DOT ID LPAREN arg_list_opt RPAREN

    LPAREN          shift and go to state 72
    SEMI            reduce using rule 54 (expression -> ID .)
    PLUS            reduce using rule 54 (expression -> ID .)
    MINUS           reduce using rule 54 (expression -> ID .)
    TIMES           reduce using rule 54 (expression -> ID .)
    DIVIDE          reduce using rule 54 (expression -> ID .)
    MOD             reduce using rule 54 (expression -> ID .)
    AND             reduce using rule 54 (expression -> ID .)
    OR              reduce using rule 54 (expression -> ID .)
    EQ              reduce using rule 54 (expression -> ID .)
    NEQ             reduce using rule 54 (expression -> ID .)
    LT              reduce using rule 54 (expression -> ID .)
    LE              reduce using rule 54 (expression -> ID .)
    GT              reduce using rule 54 (expression -> ID .)
    GE              reduce using rule 54 (expression -> ID .)
    BIT_AND         reduce using rule 54 (expression -> ID .)
    BIT_OR          reduce using rule 54 (expression -> ID .)
    BIT_XOR         reduce using rule 54 (expression -> ID .)
    SHIFT_LEFT      reduce using rule 54 (expression -> ID .)
    SHIFT_RIGHT     reduce using rule 54 (expression -> ID .)
    LBRACKET        shift and go to state 73
    DOT             shift and go to state 74
    ID              reduce using rule 27 (type -> ID .)
    ASSIGN          reduce using rule 91 (lvalue -> ID .)


state 19

    (51) expression -> LPAREN . expression RPAREN
    (28) expression -> . expression PLUS expression
    (29) expression -> . expression MINUS expression
    (30) expression -> . expression TIMES expression
    (31) expression -> . expression DIVIDE expression
    (32) expression -> . expression MOD expression
    (33) expression -> . expression AND expression
    (34) expression -> . expression OR expression
    (35) expression -> . expression EQ expression
    (36) expression -> . expression NEQ expression
    (37) expression -> . expression LT expression
    (38) expression -> . expression LE expression
    (39) expression -> . expression GT expression
    (40) expression -> . expression GE expression
    (41) expression -> . expression BIT_AND expression
    (42) expression -> . expression BIT_OR expression
    (43) expression -> . expression BIT_XOR expression
    (44) expression -> . expression SHIFT_LEFT expression
    (45) expression -> . expression SHIFT_RIGHT expression
    (46) expression -> . MINUS expression
    (47) expression -> . NOT expression
    (48) expression -> . BIT_NOT expression
    (49) expression -> . INCREMENT expression
    (50) expression -> . DECREMENT expression
    (51) expression -> . LPAREN expression RPAREN
    (52) expression -> . INTEGER
    (53) expression -> . FLOAT
    (54) expression -> . ID
    (55) expression -> . ID LBRACKET expression RBRACKET
    (56) expression -> . ID DOT ID
    (57) expression -> . func_call
    (58) expression -> . STRING
    (59) expression -> . TRUE
    (60) expression -> . FALSE
    (70) func_call -> . ID LPAREN arg_list_opt RPAREN
    (71) func_call -> . ID DOT ID LPAREN arg_list_opt RPAREN

    MINUS           shift and go to state 22
    NOT             shift and go to state 23
    BIT_NOT         shift and go to state 24
    INCREMENT       shift and go to state 25
    DECREMENT       shift and go to state 26
    LPAREN          shift and go to state 19
    INTEGER         shift and go to state 27
    FLOAT           shift and go to state 28
    ID              shift and go to state 76
    STRING          shift and go to state 30
    TRUE            shift and go to state 31
    FALSE           shift and go to state 32

    expression                     shift and go to state 75
    func_call                      shift and go to state 77

state 20

    (18) declaration -> type . ID SEMI
    (19) declaration -> type . ID ASSIGN expression SEMI
    (20) declaration -> type . ID LBRACKET expression RBRACKET SEMI

    ID              shift and go to state 78


state 21

    (90) assignment -> lvalue . ASSIGN expression SEMI

    ASSIGN          shift and go to state 79


state 22

    (46) expression -> MINUS . expression
    (28) expression -> . expression PLUS expression
    (29) expression -> . expression MINUS expression
    (30) expression -> . expression TIMES expression
    (31) expression -> . expression DIVIDE expression
    (32) expression -> . expression MOD expression
    (33) expression -> . expression AND expression
    (34) expression -> . expression OR expression
    (35) expression -> . expression EQ expression
    (36) expression -> . expression NEQ expression
    (37) expression -> . expression LT expression
    (38) expression -> . expression LE expression
    (39) expression -> . expression GT expression
    (40) expression -> . expression GE expression
    (41) expression -> . expression BIT_AND expression
    (42) expression -> . expression BIT_OR expression
    (43) expression -> . expression BIT_XOR expression
    (44) expression -> . expression SHIFT_LEFT expression
    (45) expression -> . expression SHIFT_RIGHT expression
    (46) expression -> . MINUS expression
    (47) expression -> . NOT expression
    (48) expression -> . BIT_NOT expression
    (49) expression -> . INCREMENT expression
    (50) expression -> . DECREMENT expression
    (51) expression -> . LPAREN expression RPAREN
    (52) expression -> . INTEGER
    (53) expression -> . FLOAT
    (54) expression -> . ID
    (55) expression -> . ID LBRACKET expression RBRACKET
    (56) expression -> . ID DOT ID
    (57) expression -> . func_call
    (58) expression -> . STRING
    (59) expression -> . TRUE
    (60) expression -> . FALSE
    (70) func_call -> . ID LPAREN arg_list_opt RPAREN
    (71) func_call -> . ID DOT ID LPAREN arg_list_opt RPAREN

    MINUS           shift and go to state 22
    NOT             shift and go to state 23
    BIT_NOT         shift and go to state 24
    INCREMENT       shift and go to state 25
    DECREMENT       shift and go to state 26
    LPAREN          shift and go to state 19
    INTEGER         shift and go to state 27
    FLOAT           shift and go to state 28
    ID              shift and go to state 76
    STRING          shift and go to state 30
    TRUE            shift and go to state 31
    FALSE           shift and go to state 32

    expression                     shift and go to state 80
    func_call                      shift and go to state 77

state 23

    (47) expression -> NOT . expression
    (28) expression -> . expression PLUS expression
    (29) expression -> . expression MINUS expression
    (30) expression -> . expression TIMES expression
    (31) expression -> . expression DIVIDE expression
    (32) expression -> . expression MOD expression
    (33) expression -> . expression AND expression
    (34) expression -> . expression OR expression
    (35) expression -> . expression EQ expression
    (36) expression -> . expression NEQ expression
    (37) expression -> . expression LT expression
    (38) expression -> . expression LE expression
    (39) expression -> . expression GT expression
    (40) expression -> . expression GE expression
    (41) expression -> . expression BIT_AND expression
    (42) expression -> . expression BIT_OR expression
    (43) expression -> . expression BIT_XOR expression
    (44) expression -> . expression SHIFT_LEFT expression
    (45) expression -> . expression SHIFT_RIGHT expression
    (46) expression -> . MINUS expression
    (47) expression -> . NOT expression
    (48) expression -> . BIT_NOT expression
    (49) expression -> . INCREMENT expression
    (50) expression -> . DECREMENT expression
    (51) expression -> . LPAREN expression RPAREN
    (52) expression -> . INTEGER
    (53) expression -> . FLOAT
    (54) expression -> . ID
    (55) expression -> . ID LBRACKET expression RBRACKET
    (56) expression -> . ID DOT ID
    (57) expression -> . func_call
    (58) expression -> . STRING
    (59) expression -> . TRUE
    (60) expression -> . FALSE
    (70) func_call -> . ID LPAREN arg_list_opt RPAREN
    (71) func_call -> . ID DOT ID LPAREN arg_list_opt RPAREN

    MINUS           shift and go to state 22
    NOT             shift and go to state 23
    BIT_NOT         shift and go to state 24
    INCREMENT       shift and go to state 25
    DECREMENT       shift and go to state 26
    LPAREN          shift and go to state 19
    INTEGER         shift and go to state 27
    FLOAT           shift and go to state 28
    ID              shift and go to state 76
    STRING          shift and go to state 30
    TRUE            shift and go to state 31
    FALSE           shift and go to state 32

    expression                     shift and go to state 81
    func_call                      shift and go to state 77

state 24

    (48) expression -> BIT_NOT . expression
    (28) expression -> . expression PLUS expression
    (29) expression -> . expression MINUS expression
    (30) expression -> . expression TIMES expression
    (31) expression -> . expression DIVIDE expression
    (32) expression -> . expression MOD expression
    (33) expression -> . expression AND expression
    (34) expression -> . expression OR expression
    (35) expression -> . expression EQ expression
    (36) expression -> . expression NEQ expression
    (37) expression -> . expression LT expression
    (38) expression -> . expression LE expression
    (39) expression -> . expression GT expression
    (40) expression -> . expression GE expression
    (41) expression -> . expression BIT_AND expression
    (42) expression -> . expression BIT_OR expression
    (43) expression -> . expression BIT_XOR expression
    (44) expression -> . expression SHIFT_LEFT expression
    (45) expression -> . expression SHIFT_RIGHT expression
    (46) expression -> . MINUS expression
    (47) expression -> . NOT expression
    (48) expression -> . BIT_NOT expression
    (49) expression -> . INCREMENT expression
    (50) expression -> . DECREMENT expression
    (51) expression -> . LPAREN expression RPAREN
    (52) expression -> . INTEGER
    (53) expression -> . FLOAT
    (54) expression -> . ID
    (55) expression -> . ID LBRACKET expression RBRACKET
    (56) expression -> . ID DOT ID
    (57) expression -> . func_call
    (58) expression -> . STRING
    (59) expression -> . TRUE
    (60) expression -> . FALSE
    (70) func_call -> . ID LPAREN arg_list_opt RPAREN
    (71) func_call -> . ID DOT ID LPAREN arg_list_opt RPAREN

    MINUS           shift and go to state 22
    NOT             shift and go to state 23
    BIT_NOT         shift and go to state 24
    INCREMENT       shift and go to state 25
    DECREMENT       shift and go to state 26
    LPAREN          shift and go to state 19
    INTEGER         shift and go to state 27
    FLOAT           shift and go to state 28
    ID              shift and go to state 76
    STRING          shift and go to state 30
    TRUE            shift and go to state 31
    FALSE           shift and go to state 32

    expression                     shift and go to state 82
    func_call                      shift and go to state 77

state 25

    (49) expression -> INCREMENT . expression
    (28) expression -> . expression PLUS expression
    (29) expression -> . expression MINUS expression
    (30) expression -> . expression TIMES expression
    (31) expression -> . expression DIVIDE expression
    (32) expression -> . expression MOD expression
    (33) expression -> . expression AND expression
    (34) expression -> . expression OR expression
    (35) expression -> . expression EQ expression
    (36) expression -> . expression NEQ expression
    (37) expression -> . expression LT expression
    (38) expression -> . expression LE expression
    (39) expression -> . expression GT expression
    (40) expression -> . expression GE expression
    (41) expression -> . expression BIT_AND expression
    (42) expression -> . expression BIT_OR expression
    (43) expression -> . expression BIT_XOR expression
    (44) expression -> . expression SHIFT_LEFT expression
    (45) expression -> . expression SHIFT_RIGHT expression
    (46) expression -> . MINUS expression
    (47) expression -> . NOT expression
    (48) expression -> . BIT_NOT expression
    (49) expression -> . INCREMENT expression
    (50) expression -> . DECREMENT expression
    (51) expression -> . LPAREN expression RPAREN
    (52) expression -> . INTEGER
    (53) expression -> . FLOAT
    (54) expression -> . ID
    (55) expression -> . ID LBRACKET expression RBRACKET
    (56) expression -> . ID DOT ID
    (57) expression -> . func_call
    (58) expression -> . STRING
    (59) expression -> . TRUE
    (60) expression -> . FALSE
    (70) func_call -> . ID LPAREN arg_list_opt RPAREN
    (71) func_call -> . ID DOT ID LPAREN arg_list_opt RPAREN

    MINUS           shift and go to state 22
    NOT             shift and go to state 23
    BIT_NOT         shift and go to state 24
    INCREMENT       shift and go to state 25
    DECREMENT       shift and go to state 26
    LPAREN          shift and go to state 19
    INTEGER         shift and go to state 27
    FLOAT           shift and go to state 28
    ID              shift and go to state 76
    STRING          shift and go to state 30
    TRUE            shift and go to state 31
    FALSE           shift and go to state 32

    expression                     shift and go to state 83
    func_call                      shift and go to state 77

state 26

    (50) expression -> DECREMENT . expression
    (28) expression -> . expression PLUS expression
    (29) expression -> . expression MINUS expression
    (30) expression -> . expression TIMES expression
    (31) expression -> . expression DIVIDE expression
    (32) expression -> . expression MOD expression
    (33) expression -> . expression AND expression
    (34) expression -> . expression OR expression
    (35) expression -> . expression EQ expression
    (36) expression -> . expression NEQ expression
    (37) expression -> . expression LT expression
    (38) expression -> . expression LE expression
    (39) expression -> . expression GT expression
    (40) expression -> . expression GE expression
    (41) expression -> . expression BIT_AND expression
    (42) expression -> . expression BIT_OR expression
    (43) expression -> . expression BIT_XOR expression
    (44) expression -> . expression SHIFT_LEFT expression
    (45) expression -> . expression SHIFT_RIGHT expression
    (46) expression -> . MINUS expression
    (47) expression -> . NOT expression
    (48) expression -> . BIT_NOT expression
    (49) expression -> . INCREMENT expression
    (50) expression -> . DECREMENT expression
    (51) expression -> . LPAREN expression RPAREN
    (52) expression -> . INTEGER
    (53) expression -> . FLOAT
    (54) expression -> . ID
    (55) expression -> . ID LBRACKET expression RBRACKET
    (56) expression -> . ID DOT ID
    (57) expression -> . func_call
    (58) expression -> . STRING
    (59) expression -> . TRUE
    (60) expression -> . FALSE
    (70) func_call -> . ID LPAREN arg_list_opt RPAREN
    (71) func_call -> . ID DOT ID LPAREN arg_list_opt RPAREN

    MINUS           shift and go to state 22
    NOT             shift and go to state 23
    BIT_NOT         shift and go to state 24
    INCREMENT       shift and go to state 25
    DECREMENT       shift and go to state 26
    LPAREN          shift and go to state 19
    INTEGER         shift and go to state 27
    FLOAT           shift and go to state 28
    ID              shift and go to state 76
    STRING          shift and go to state 30
    TRUE            shift and go to state 31
    FALSE           shift and go to state 32

    expression                     shift and go to state 84
    func_call                      shift and go to state 77

state 27

    (52) expression -> INTEGER .

    SEMI            reduce using rule 52 (expression -> INTEGER .)
    PLUS            reduce using rule 52 (expression -> INTEGER .)
    MINUS           reduce using rule 52 (expression -> INTEGER .)
    TIMES           reduce using rule 52 (expression -> INTEGER .)
    DIVIDE          reduce using rule 52 (expression -> INTEGER .)
    MOD             reduce using rule 52 (expression -> INTEGER .)
    AND             reduce using rule 52 (expression -> INTEGER .)
    OR              reduce using rule 52 (expression -> INTEGER .)
    EQ              reduce using rule 52 (expression -> INTEGER .)
    NEQ             reduce using rule 52 (expression -> INTEGER .)
    LT              reduce using rule 52 (expression -> INTEGER .)
    LE              reduce using rule 52 (expression -> INTEGER .)
    GT              reduce using rule 52 (expression -> INTEGER .)
    GE              reduce using rule 52 (expression -> INTEGER .)
    BIT_AND         reduce using rule 52 (expression -> INTEGER .)
    BIT_OR          reduce using rule 52 (expression -> INTEGER .)
    BIT_XOR         reduce using rule 52 (expression -> INTEGER .)
    SHIFT_LEFT      reduce using rule 52 (expression -> INTEGER .)
    SHIFT_RIGHT     reduce using rule 52 (expression -> INTEGER .)
    RPAREN          reduce using rule 52 (expression -> INTEGER .)
    COMMA           reduce using rule 52 (expression -> INTEGER .)
    RBRACKET        reduce using rule 52 (expression -> INTEGER .)
    RANGE           reduce using rule 52 (expression -> INTEGER .)


state 28

    (53) expression -> FLOAT .

    SEMI            reduce using rule 53 (expression -> FLOAT .)
    PLUS            reduce using rule 53 (expression -> FLOAT .)
    MINUS           reduce using rule 53 (expression -> FLOAT .)
    TIMES           reduce using rule 53 (expression -> FLOAT .)
    DIVIDE          reduce using rule 53 (expression -> FLOAT .)
    MOD             reduce using rule 53 (expression -> FLOAT .)
    AND             reduce using rule 53 (expression -> FLOAT .)
    OR              reduce using rule 53 (expression -> FLOAT .)
    EQ              reduce using rule 53 (expression -> FLOAT .)
    NEQ             reduce using rule 53 (expression -> FLOAT .)
    LT              reduce using rule 53 (expression -> FLOAT .)
    LE              reduce using rule 53 (expression -> FLOAT .)
    GT              reduce using rule 53 (expression -> FLOAT .)
    GE              reduce using rule 53 (expression -> FLOAT .)
    BIT_AND         reduce using rule 53 (expression -> FLOAT .)
    BIT_OR          reduce using rule 53 (expression -> FLOAT .)
    BIT_XOR         reduce using rule 53 (expression -> FLOAT .)
    SHIFT_LEFT      reduce using rule 53 (expression -> FLOAT .)
    SHIFT_RIGHT     reduce using rule 53 (expression -> FLOAT .)
    RPAREN          reduce using rule 53 (expression -> FLOAT .)
    COMMA           reduce using rule 53 (expression -> FLOAT .)
    RBRACKET        reduce using rule 53 (expression -> FLOAT .)
    RANGE           reduce using rule 53 (expression -> FLOAT .)


state 29

    (57) expression -> func_call .
    (69) func_call_stmt -> func_call . SEMI

  ! shift/reduce conflict for SEMI resolved as shift
    PLUS            reduce using rule 57 (expression -> func_call .)
    MINUS           reduce using rule 57 (expression -> func_call .)
    TIMES           reduce using rule 57 (expression -> func_call .)
    DIVIDE          reduce using rule 57 (expression -> func_call .)
    MOD             reduce using rule 57 (expression -> func_call .)
    AND             reduce using rule 57 (expression -> func_call .)
    OR              reduce using rule 57 (expression -> func_call .)
    EQ              reduce using rule 57 (expression -> func_call .)
    NEQ             reduce using rule 57 (expression -> func_call .)
    LT              reduce using rule 57 (expression -> func_call .)
    LE              reduce using rule 57 (expression -> func_call .)
    GT              reduce using rule 57 (expression -> func_call .)
    GE              reduce using rule 57 (expression -> func_call .)
    BIT_AND         reduce using rule 57 (expression -> func_call .)
    BIT_OR          reduce using rule 57 (expression -> func_call .)
    BIT_XOR         reduce using rule 57 (expression -> func_call .)
    SHIFT_LEFT      reduce using rule 57 (expression -> func_call .)
    SHIFT_RIGHT     reduce using rule 57 (expression -> func_call .)
    SEMI            shift and go to state 85

  ! SEMI            [ reduce using rule 57 (expression -> func_call .) ]


state 30

    (58) expression -> STRING .

    SEMI            reduce using rule 58 (expression -> STRING .)
    PLUS            reduce using rule 58 (expression -> STRING .)
    MINUS           reduce using rule 58 (expression -> STRING .)
    TIMES           reduce using rule 58 (expression -> STRING .)
    DIVIDE          reduce using rule 58 (expression -> STRING .)
    MOD             reduce using rule 58 (expression -> STRING .)
    AND             reduce using rule 58 (expression -> STRING .)
    OR              reduce using rule 58 (expression -> STRING .)
    EQ              reduce using rule 58 (expression -> STRING .)
    NEQ             reduce using rule 58 (expression -> STRING .)
    LT              reduce using rule 58 (expression -> STRING .)
    LE              reduce using rule 58 (expression -> STRING .)
    GT              reduce using rule 58 (expression -> STRING .)
    GE              reduce using rule 58 (expression -> STRING .)
    BIT_AND         reduce using rule 58 (expression -> STRING .)
    BIT_OR          reduce using rule 58 (expression -> STRING .)
    BIT_XOR         reduce using rule 58 (expression -> STRING .)
    SHIFT_LEFT      reduce using rule 58 (expression -> STRING .)
    SHIFT_RIGHT     reduce using rule 58 (expression -> STRING .)
    RPAREN          reduce using rule 58 (expression -> STRING .)
    COMMA           reduce using rule 58 (expression -> STRING .)
    RBRACKET        reduce using rule 58 (expression -> STRING .)
    RANGE           reduce using rule 58 (expression -> STRING .)


state 31

    (59) expression -> TRUE .

    SEMI            reduce using rule 59 (expression -> TRUE .)
    PLUS            reduce using rule 59 (expression -> TRUE .)
    MINUS           reduce using rule 59 (expression -> TRUE .)
    TIMES           reduce using rule 59 (expression -> TRUE .)
    DIVIDE          reduce using rule 59 (expression -> TRUE .)
    MOD             reduce using rule 59 (expression -> TRUE .)
    AND             reduce using rule 59 (expression -> TRUE .)
    OR              reduce using rule 59 (expression -> TRUE .)
    EQ              reduce using rule 59 (expression -> TRUE .)
    NEQ             reduce using rule 59 (expression -> TRUE .)
    LT              reduce using rule 59 (expression -> TRUE .)
    LE              reduce using rule 59 (expression -> TRUE .)
    GT              reduce using rule 59 (expression -> TRUE .)
    GE              reduce using rule 59 (expression -> TRUE .)
    BIT_AND         reduce using rule 59 (expression -> TRUE .)
    BIT_OR          reduce using rule 59 (expression -> TRUE .)
    BIT_XOR         reduce using rule 59 (expression -> TRUE .)
    SHIFT_LEFT      reduce using rule 59 (expression -> TRUE .)
    SHIFT_RIGHT     reduce using rule 59 (expression -> TRUE .)
    RPAREN          reduce using rule 59 (expression -> TRUE .)
    COMMA           reduce using rule 59 (expression -> TRUE .)
    RBRACKET        reduce using rule 59 (expression -> TRUE .)
    RANGE           reduce using rule 59 (expression -> TRUE .)


state 32

    (60) expression -> FALSE .

    SEMI            reduce using rule 60 (expression -> FALSE .)
    PLUS            reduce using rule 60 (expression -> FALSE .)
    MINUS           reduce using rule 60 (expression -> FALSE .)
    TIMES           reduce using rule 60 (expression -> FALSE .)
    DIVIDE          reduce using rule 60 (expression -> FALSE .)
    MOD             reduce using rule 60 (expression -> FALSE .)
    AND             reduce using rule 60 (expression -> FALSE .)
    OR              reduce using rule 60 (expression -> FALSE .)
    EQ              reduce using rule 60 (expression -> FALSE .)
    NEQ             reduce using rule 60 (expression -> FALSE .)
    LT              reduce using rule 60 (expression -> FALSE .)
    LE              reduce using rule 60 (expression -> FALSE .)
    GT              reduce using rule 60 (expression -> FALSE .)
    GE              reduce using rule 60 (expression -> FALSE .)
    BIT_AND         reduce using rule 60 (expression -> FALSE .)
    BIT_OR          reduce using rule 60 (expression -> FALSE .)
    BIT_XOR         reduce using rule 60 (expression -> FALSE .)
    SHIFT_LEFT      reduce using rule 60 (expression -> FALSE .)
    SHIFT_RIGHT     reduce using rule 60 (expression -> FALSE .)
    RPAREN          reduce using rule 60 (expression -> FALSE .)
    COMMA           reduce using rule 60 (expression -> FALSE .)
    RBRACKET        reduce using rule 60 (expression -> FALSE .)
    RANGE           reduce using rule 60 (expression -> FALSE .)


state 33

    (98) if_stmt -> IF . LPAREN expression RPAREN COLON statements ENDIF
    (99) if_stmt -> IF . LPAREN expression RPAREN COLON statements ELSE COLON statements ENDIF

    LPAREN          shift and go to state 86


state 34

    (100) while_stmt -> WHILE . LPAREN expression RPAREN COLON statements ENDWHILE

    LPAREN          shift and go to state 87


state 35

    (94) for_stmt -> for_header . statements ENDFOR
    (2) statements -> . statement statements
    (3) statements -> . statement
    (4) statement -> . declaration
    (5) statement -> . assignment
    (6) statement -> . expression SEMI
    (7) statement -> . if_stmt
    (8) statement -> . while_stmt
    (9) statement -> . for_stmt
    (10) statement -> . output_stmt
    (11) statement -> . input_stmt
    (12) statement -> . func_decl
    (13) statement -> . return_stmt
    (14) statement -> . func_call_stmt
    (15) statement -> . break_stmt
    (16) statement -> . continue_stmt
    (17) statement -> . adt_decl
    (102) statement -> . ID LPAREN expression RPAREN SEMI
    (18) declaration -> . type ID SEMI
    (19) declaration -> . type ID ASSIGN expression SEMI
    (20) declaration -> . type ID LBRACKET expression RBRACKET SEMI
    (90) assignment -> . lvalue ASSIGN expression SEMI
    (28) expression -> . expression PLUS expression
    (29) expression -> . expression MINUS expression
    (30) expression -> . expression TIMES expression
    (31) expression -> . expression DIVIDE expression
    (32) expression -> . expression MOD expression
    (33) expression -> . expression AND expression
    (34) expression -> . expression OR expression
    (35) expression -> . expression EQ expression
    (36) expression -> . expression NEQ expression
    (37) expression -> . expression LT expression
    (38) expression -> . expression LE expression
    (39) expression -> . expression GT expression
    (40) expression -> . expression GE expression
    (41) expression -> . expression BIT_AND expression
    (42) expression -> . expression BIT_OR expression
    (43) expression -> . expression BIT_XOR expression
    (44) expression -> . expression SHIFT_LEFT expression
    (45) expression -> . expression SHIFT_RIGHT expression
    (46) expression -> . MINUS expression
    (47) expression -> . NOT expression
    (48) expression -> . BIT_NOT expression
    (49) expression -> . INCREMENT expression
    (50) expression -> . DECREMENT expression
    (51) expression -> . LPAREN expression RPAREN
    (52) expression -> . INTEGER
    (53) expression -> . FLOAT
    (54) expression -> . ID
    (55) expression -> . ID LBRACKET expression RBRACKET
    (56) expression -> . ID DOT ID
    (57) expression -> . func_call
    (58) expression -> . STRING
    (59) expression -> . TRUE
    (60) expression -> . FALSE
    (98) if_stmt -> . IF LPAREN expression RPAREN COLON statements ENDIF
    (99) if_stmt -> . IF LPAREN expression RPAREN COLON statements ELSE COLON statements ENDIF
    (100) while_stmt -> . WHILE LPAREN expression RPAREN COLON statements ENDWHILE
    (94) for_stmt -> . for_header statements ENDFOR
    (101) output_stmt -> . OUTPUT expression SEMI
    (103) input_stmt -> . INPUT ID SEMI
    (72) func_decl -> . func_start statements ENDFUNC
    (67) return_stmt -> . RETURN expression SEMI
    (68) return_stmt -> . RETURN SEMI
    (69) func_call_stmt -> . func_call SEMI
    (96) break_stmt -> . BREAK SEMI
    (97) continue_stmt -> . CONTINUE SEMI
    (81) adt_decl -> . adt_head adt_body ENDADT
    (21) type -> . INT_TYPE
    (22) type -> . FLOAT_TYPE
    (23) type -> . STRING_TYPE
    (24) type -> . BOOL_TYPE
    (25) type -> . CHAR_TYPE
    (26) type -> . VOID_TYPE
    (27) type -> . ID
    (91) lvalue -> . ID
    (92) lvalue -> . ID DOT ID
    (93) lvalue -> . ID LBRACKET expression RBRACKET
    (70) func_call -> . ID LPAREN arg_list_opt RPAREN
    (71) func_call -> . ID DOT ID LPAREN arg_list_opt RPAREN
    (95) for_header -> . FOR LPAREN ID IN expression RANGE expression RPAREN COLON
    (73) func_start -> . FUNC ID LPAREN param_list_opt RPAREN COLON
    (80) adt_head -> . ADT ID LPAREN param_list_opt RPAREN COLON

    ID              shift and go to state 18
    MINUS           shift and go to state 22
    NOT             shift and go to state 23
    BIT_NOT         shift and go to state 24
    INCREMENT       shift and go to state 25
    DECREMENT       shift and go to state 26
    LPAREN          shift and go to state 19
    INTEGER         shift and go to state 27
    FLOAT           shift and go to state 28
    STRING          shift and go to state 30
    TRUE            shift and go to state 31
    FALSE           shift and go to state 32
    IF              shift and go to state 33
    WHILE           shift and go to state 34
    OUTPUT          shift and go to state 36
    INPUT           shift and go to state 37
    RETURN          shift and go to state 39
    BREAK           shift and go to state 40
    CONTINUE        shift and go to state 41
    INT_TYPE        shift and go to state 43
    FLOAT_TYPE      shift and go to state 44
    STRING_TYPE     shift and go to state 45
    BOOL_TYPE       shift and go to state 46
    CHAR_TYPE       shift and go to state 47
    VOID_TYPE       shift and go to state 48
    FOR             shift and go to state 49
    FUNC            shift and go to state 50
    ADT             shift and go to state 51

    for_header                     shift and go to state 35
    statements                     shift and go to state 88
    statement                      shift and go to state 3
    declaration                    shift and go to state 4
    assignment                     shift and go to state 5
    expression                     shift and go to state 6
    if_stmt                        shift and go to state 7
    while_stmt                     shift and go to state 8
    for_stmt                       shift and go to state 9
    output_stmt                    shift and go to state 10
    input_stmt                     shift and go to state 11
    func_decl                      shift and go to state 12
    return_stmt                    shift and go to state 13
    func_call_stmt                 shift and go to state 14
    break_stmt                     shift and go to state 15
    continue_stmt                  shift and go to state 16
    adt_decl                       shift and go to state 17
    type                           shift and go to state 20
    lvalue                         shift and go to state 21
    func_call                      shift and go to state 29
    func_start                     shift and go to state 38
    adt_head                       shift and go to state 42

state 36

    (101) output_stmt -> OUTPUT . expression SEMI
    (28) expression -> . expression PLUS expression
    (29) expression -> . expression MINUS expression
    (30) expression -> . expression TIMES expression
    (31) expression -> . expression DIVIDE expression
    (32) expression -> . expression MOD expression
    (33) expression -> . expression AND expression
    (34) expression -> . expression OR expression
    (35) expression -> . expression EQ expression
    (36) expression -> . expression NEQ expression
    (37) expression -> . expression LT expression
    (38) expression -> . expression LE expression
    (39) expression -> . expression GT expression
    (40) expression -> . expression GE expression
    (41) expression -> . expression BIT_AND expression
    (42) expression -> . expression BIT_OR expression
    (43) expression -> . expression BIT_XOR expression
    (44) expression -> . expression SHIFT_LEFT expression
    (45) expression -> . expression SHIFT_RIGHT expression
    (46) expression -> . MINUS expression
    (47) expression -> . NOT expression
    (48) expression -> . BIT_NOT expression
    (49) expression -> . INCREMENT expression
    (50) expression -> . DECREMENT expression
    (51) expression -> . LPAREN expression RPAREN
    (52) expression -> . INTEGER
    (53) expression -> . FLOAT
    (54) expression -> . ID
    (55) expression -> . ID LBRACKET expression RBRACKET
    (56) expression -> . ID DOT ID
    (57) expression -> . func_call
    (58) expression -> . STRING
    (59) expression -> . TRUE
    (60) expression -> . FALSE
    (70) func_call -> . ID LPAREN arg_list_opt RPAREN
    (71) func_call -> . ID DOT ID LPAREN arg_list_opt RPAREN

    MINUS           shift and go to state 22
    NOT             shift and go to state 23
    BIT_NOT         shift and go to state 24
    INCREMENT       shift and go to state 25
    DECREMENT       shift and go to state 26
    LPAREN          shift and go to state 19
    INTEGER         shift and go to state 27
    FLOAT           shift and go to state 28
    ID              shift and go to state 76
    STRING          shift and go to state 30
    TRUE            shift and go to state 31
    FALSE           shift and go to state 32

    expression                     shift and go to state 89
    func_call                      shift and go to state 77

state 37

    (103) input_stmt -> INPUT . ID SEMI

    ID              shift and go to state 90


state 38

    (72) func_decl -> func_start . statements ENDFUNC
    (2) statements -> . statement statements
    (3) statements -> . statement
    (4) statement -> . declaration
    (5) statement -> . assignment
    (6) statement -> . expression SEMI
    (7) statement -> . if_stmt
    (8) statement -> . while_stmt
    (9) statement -> . for_stmt
    (10) statement -> . output_stmt
    (11) statement -> . input_stmt
    (12) statement -> . func_decl
    (13) statement -> . return_stmt
    (14) statement -> . func_call_stmt
    (15) statement -> . break_stmt
    (16) statement -> . continue_stmt
    (17) statement -> . adt_decl
    (102) statement -> . ID LPAREN expression RPAREN SEMI
    (18) declaration -> . type ID SEMI
    (19) declaration -> . type ID ASSIGN expression SEMI
    (20) declaration -> . type ID LBRACKET expression RBRACKET SEMI
    (90) assignment -> . lvalue ASSIGN expression SEMI
    (28) expression -> . expression PLUS expression
    (29) expression -> . expression MINUS expression
    (30) expression -> . expression TIMES expression
    (31) expression -> . expression DIVIDE expression
    (32) expression -> . expression MOD expression
    (33) expression -> . expression AND expression
    (34) expression -> . expression OR expression
    (35) expression -> . expression EQ expression
    (36) expression -> . expression NEQ expression
    (37) expression -> . expression LT expression
    (38) expression -> . expression LE expression
    (39) expression -> . expression GT expression
    (40) expression -> . expression GE expression
    (41) expression -> . expression BIT_AND expression
    (42) expression -> . expression BIT_OR expression
    (43) expression -> . expression BIT_XOR expression
    (44) expression -> . expression SHIFT_LEFT expression
    (45) expression -> . expression SHIFT_RIGHT expression
    (46) expression -> . MINUS expression
    (47) expression -> . NOT expression
    (48) expression -> . BIT_NOT expression
    (49) expression -> . INCREMENT expression
    (50) expression -> . DECREMENT expression
    (51) expression -> . LPAREN expression RPAREN
    (52) expression -> . INTEGER
    (53) expression -> . FLOAT
    (54) expression -> . ID
    (55) expression -> . ID LBRACKET expression RBRACKET
    (56) expression -> . ID DOT ID
    (57) expression -> . func_call
    (58) expression -> . STRING
    (59) expression -> . TRUE
    (60) expression -> . FALSE
    (98) if_stmt -> . IF LPAREN expression RPAREN COLON statements ENDIF
    (99) if_stmt -> . IF LPAREN expression RPAREN COLON statements ELSE COLON statements ENDIF
    (100) while_stmt -> . WHILE LPAREN expression RPAREN COLON statements ENDWHILE
    (94) for_stmt -> . for_header statements ENDFOR
    (101) output_stmt -> . OUTPUT expression SEMI
    (103) input_stmt -> . INPUT ID SEMI
    (72) func_decl -> . func_start statements ENDFUNC
    (67) return_stmt -> . RETURN expression SEMI
    (68) return_stmt -> . RETURN SEMI
    (69) func_call_stmt -> . func_call SEMI
    (96) break_stmt -> . BREAK SEMI
    (97) continue_stmt -> . CONTINUE SEMI
    (81) adt_decl -> . adt_head adt_body ENDADT
    (21) type -> . INT_TYPE
    (22) type -> . FLOAT_TYPE
    (23) type -> . STRING_TYPE
    (24) type -> . BOOL_TYPE
    (25) type -> . CHAR_TYPE
    (26) type -> . VOID_TYPE
    (27) type -> . ID
    (91) lvalue -> . ID
    (92) lvalue -> . ID DOT ID
    (93) lvalue -> . ID LBRACKET expression RBRACKET
    (70) func_call -> . ID LPAREN arg_list_opt RPAREN
    (71) func_call -> . ID DOT ID LPAREN arg_list_opt RPAREN
    (95) for_header -> . FOR LPAREN ID IN expression RANGE expression RPAREN COLON
    (73) func_start -> . FUNC ID LPAREN param_list_opt RPAREN COLON
    (80) adt_head -> . ADT ID LPAREN param_list_opt RPAREN COLON

    ID              shift and go to state 18
    MINUS           shift and go to state 22
    NOT             shift and go to state 23
    BIT_NOT         shift and go to state 24
    INCREMENT       shift and go to state 25
    DECREMENT       shift and go to state 26
    LPAREN          shift and go to state 19
    INTEGER         shift and go to state 27
    FLOAT           shift and go to state 28
    STRING          shift and go to state 30
    TRUE            shift and go to state 31
    FALSE           shift and go to state 32
    IF              shift and go to state 33
    WHILE           shift and go to state 34
    OUTPUT          shift and go to state 36
    INPUT           shift and go to state 37
    RETURN          shift and go to state 39
    BREAK           shift and go to state 40
    CONTINUE        shift and go to state 41
    INT_TYPE        shift and go to state 43
    FLOAT_TYPE      shift and go to state 44
    STRING_TYPE     shift and go to state 45
    BOOL_TYPE       shift and go to state 46
    CHAR_TYPE       shift and go to state 47
    VOID_TYPE       shift and go to state 48
    FOR             shift and go to state 49
    FUNC            shift and go to state 50
    ADT             shift and go to state 51

    func_start                     shift and go to state 38
    statements                     shift and go to state 91
    statement                      shift and go to state 3
    declaration                    shift and go to state 4
    assignment                     shift and go to state 5
    expression                     shift and go to state 6
    if_stmt                        shift and go to state 7
    while_stmt                     shift and go to state 8
    for_stmt                       shift and go to state 9
    output_stmt                    shift and go to state 10
    input_stmt                     shift and go to state 11
    func_decl                      shift and go to state 12
    return_stmt                    shift and go to state 13
    func_call_stmt                 shift and go to state 14
    break_stmt                     shift and go to state 15
    continue_stmt                  shift and go to state 16
    adt_decl                       shift and go to state 17
    type                           shift and go to state 20
    lvalue                         shift and go to state 21
    func_call                      shift and go to state 29
    for_header                     shift and go to state 35
    adt_head                       shift and go to state 42

state 39

    (67) return_stmt -> RETURN . expression SEMI
    (68) return_stmt -> RETURN . SEMI
    (28) expression -> . expression PLUS expression
    (29) expression -> . expression MINUS expression
    (30) expression -> . expression TIMES expression
    (31) expression -> . expression DIVIDE expression
    (32) expression -> . expression MOD expression
    (33) expression -> . expression AND expression
    (34) expression -> . expression OR expression
    (35) expression -> . expression EQ expression
    (36) expression -> . expression NEQ expression
    (37) expression -> . expression LT expression
    (38) expression -> . expression LE expression
    (39) expression -> . expression GT expression
    (40) expression -> . expression GE expression
    (41) expression -> . expression BIT_AND expression
    (42) expression -> . expression BIT_OR expression
    (43) expression -> . expression BIT_XOR expression
    (44) expression -> . expression SHIFT_LEFT expression
    (45) expression -> . expression SHIFT_RIGHT expression
    (46) expression -> . MINUS expression
    (47) expression -> . NOT expression
    (48) expression -> . BIT_NOT expression
    (49) expression -> . INCREMENT expression
    (50) expression -> . DECREMENT expression
    (51) expression -> . LPAREN expression RPAREN
    (52) expression -> . INTEGER
    (53) expression -> . FLOAT
    (54) expression -> . ID
    (55) expression -> . ID LBRACKET expression RBRACKET
    (56) expression -> . ID DOT ID
    (57) expression -> . func_call
    (58) expression -> . STRING
    (59) expression -> . TRUE
    (60) expression -> . FALSE
    (70) func_call -> . ID LPAREN arg_list_opt RPAREN
    (71) func_call -> . ID DOT ID LPAREN arg_list_opt RPAREN

    SEMI            shift and go to state 93
    MINUS           shift and go to state 22
    NOT             shift and go to state 23
    BIT_NOT         shift and go to state 24
    INCREMENT       shift and go to state 25
    DECREMENT       shift and go to state 26
    LPAREN          shift and go to state 19
    INTEGER         shift and go to state 27
    FLOAT           shift and go to state 28
    ID              shift and go to state 76
    STRING          shift and go to state 30
    TRUE            shift and go to state 31
    FALSE           shift and go to state 32

    expression                     shift and go to state 92
    func_call                      shift and go to state 77

state 40

    (96) break_stmt -> BREAK . SEMI

    SEMI            shift and go to state 94


state 41

    (97) continue_stmt -> CONTINUE . SEMI

    SEMI            shift and go to state 95


state 42

    (81) adt_decl -> adt_head . adt_body ENDADT
    (82) adt_body -> . visibility_block adt_body
    (83) adt_body -> . visibility_block
    (84) visibility_block -> . PRIVATE COLON member_list
    (85) visibility_block -> . PUBLIC COLON member_list

    PRIVATE         shift and go to state 98
    PUBLIC          shift and go to state 99

    adt_body                       shift and go to state 96
    visibility_block               shift and go to state 97

state 43

    (21) type -> INT_TYPE .

    ID              reduce using rule 21 (type -> INT_TYPE .)


state 44

    (22) type -> FLOAT_TYPE .

    ID              reduce using rule 22 (type -> FLOAT_TYPE .)


state 45

    (23) type -> STRING_TYPE .

    ID              reduce using rule 23 (type -> STRING_TYPE .)


state 46

    (24) type -> BOOL_TYPE .

    ID              reduce using rule 24 (type -> BOOL_TYPE .)


state 47

    (25) type -> CHAR_TYPE .

    ID              reduce using rule 25 (type -> CHAR_TYPE .)


state 48

    (26) type -> VOID_TYPE .

    ID              reduce using rule 26 (type -> VOID_TYPE .)


state 49

    (95) for_header -> FOR . LPAREN ID IN expression RANGE expression RPAREN COLON

    LPAREN          shift and go to state 100


state 50

    (73) func_start -> FUNC . ID LPAREN param_list_opt RPAREN COLON

    ID              shift and go to state 101


state 51

    (80) adt_head -> ADT . ID LPAREN param_list_opt RPAREN COLON

    ID              shift and go to state 102


state 52

    (2) statements -> statement statements .

    $end            reduce using rule 2 (statements -> statement statements .)
    ENDFOR          reduce using rule 2 (statements -> statement statements .)
    ENDFUNC         reduce using rule 2 (statements -> statement statements .)
    ENDIF           reduce using rule 2 (statements -> statement statements .)
    ELSE            reduce using rule 2 (statements -> statement statements .)
    ENDWHILE        reduce using rule 2 (statements -> statement statements .)


state 53

    (6) statement -> expression SEMI .

    ID              reduce using rule 6 (statement -> expression SEMI .)
    MINUS           reduce using rule 6 (statement -> expression SEMI .)
    NOT             reduce using rule 6 (statement -> expression SEMI .)
    BIT_NOT         reduce using rule 6 (statement -> expression SEMI .)
    INCREMENT       reduce using rule 6 (statement -> expression SEMI .)
    DECREMENT       reduce using rule 6 (statement -> expression SEMI .)
    LPAREN          reduce using rule 6 (statement -> expression SEMI .)
    INTEGER         reduce using rule 6 (statement -> expression SEMI .)
    FLOAT           reduce using rule 6 (statement -> expression SEMI .)
    STRING          reduce using rule 6 (statement -> expression SEMI .)
    TRUE            reduce using rule 6 (statement -> expression SEMI .)
    FALSE           reduce using rule 6 (statement -> expression SEMI .)
    IF              reduce using rule 6 (statement -> expression SEMI .)
    WHILE           reduce using rule 6 (statement -> expression SEMI .)
    OUTPUT          reduce using rule 6 (statement -> expression SEMI .)
    INPUT           reduce using rule 6 (statement -> expression SEMI .)
    RETURN          reduce using rule 6 (statement -> expression SEMI .)
    BREAK           reduce using rule 6 (statement -> expression SEMI .)
    CONTINUE        reduce using rule 6 (statement -> expression SEMI .)
    INT_TYPE        reduce using rule 6 (statement -> expression SEMI .)
    FLOAT_TYPE      reduce using rule 6 (statement -> expression SEMI .)
    STRING_TYPE     reduce using rule 6 (statement -> expression SEMI .)
    BOOL_TYPE       reduce using rule 6 (statement -> expression SEMI .)
    CHAR_TYPE       reduce using rule 6 (statement -> expression SEMI .)
    VOID_TYPE       reduce using rule 6 (statement -> expression SEMI .)
    FOR             reduce using rule 6 (statement -> expression SEMI .)
    FUNC            reduce using rule 6 (statement -> expression SEMI .)
    ADT             reduce using rule 6 (statement -> expression SEMI .)
    $end            reduce using rule 6 (statement -> expression SEMI .)
    ENDFOR          reduce using rule 6 (statement -> expression SEMI .)
    ENDFUNC         reduce using rule 6 (statement -> expression SEMI .)
    ENDIF           reduce using rule 6 (statement -> expression SEMI .)
    ELSE            reduce using rule 6 (statement -> expression SEMI .)
    ENDWHILE        reduce using rule 6 (statement -> expression SEMI .)


state 54

    (28) expression -> expression PLUS . expression
    (28) expression -> . expression PLUS expression
    (29) expression -> . expression MINUS expression
    (30) expression -> . expression TIMES expression
    (31) expression -> . expression DIVIDE expression
    (32) expression -> . expression MOD expression
    (33) expression -> . expression AND expression
    (34) expression -> . expression OR expression
    (35) expression -> . expression EQ expression
    (36) expression -> . expression NEQ expression
    (37) expression -> . expression LT expression
    (38) expression -> . expression LE expression
    (39) expression -> . expression GT expression
    (40) expression -> . expression GE expression
    (41) expression -> . expression BIT_AND expression
    (42) expression -> . expression BIT_OR expression
    (43) expression -> . expression BIT_XOR expression
    (44) expression -> . expression SHIFT_LEFT expression
    (45) expression -> . expression SHIFT_RIGHT expression
    (46) expression -> . MINUS expression
    (47) expression -> . NOT expression
    (48) expression -> . BIT_NOT expression
    (49) expression -> . INCREMENT expression
    (50) expression -> . DECREMENT expression
    (51) expression -> . LPAREN expression RPAREN
    (52) expression -> . INTEGER
    (53) expression -> . FLOAT
    (54) expression -> . ID
    (55) expression -> . ID LBRACKET expression RBRACKET
    (56) expression -> . ID DOT ID
    (57) expression -> . func_call
    (58) expression -> . STRING
    (59) expression -> . TRUE
    (60) expression -> . FALSE
    (70) func_call -> . ID LPAREN arg_list_opt RPAREN
    (71) func_call -> . ID DOT ID LPAREN arg_list_opt RPAREN

    MINUS           shift and go to state 22
    NOT             shift and go to state 23
    BIT_NOT         shift and go to state 24
    INCREMENT       shift and go to state 25
    DECREMENT       shift and go to state 26
    LPAREN          shift and go to state 19
    INTEGER         shift and go to state 27
    FLOAT           shift and go to state 28
    ID              shift and go to state 76
    STRING          shift and go to state 30
    TRUE            shift and go to state 31
    FALSE           shift and go to state 32

    expression                     shift and go to state 103
    func_call                      shift and go to state 77

state 55

    (29) expression -> expression MINUS . expression
    (28) expression -> . expression PLUS expression
    (29) expression -> . expression MINUS expression
    (30) expression -> . expression TIMES expression
    (31) expression -> . expression DIVIDE expression
    (32) expression -> . expression MOD expression
    (33) expression -> . expression AND expression
    (34) expression -> . expression OR expression
    (35) expression -> . expression EQ expression
    (36) expression -> . expression NEQ expression
    (37) expression -> . expression LT expression
    (38) expression -> . expression LE expression
    (39) expression -> . expression GT expression
    (40) expression -> . expression GE expression
    (41) expression -> . expression BIT_AND expression
    (42) expression -> . expression BIT_OR expression
    (43) expression -> . expression BIT_XOR expression
    (44) expression -> . expression SHIFT_LEFT expression
    (45) expression -> . expression SHIFT_RIGHT expression
    (46) expression -> . MINUS expression
    (47) expression -> . NOT expression
    (48) expression -> . BIT_NOT expression
    (49) expression -> . INCREMENT expression
    (50) expression -> . DECREMENT expression
    (51) expression -> . LPAREN expression RPAREN
    (52) expression -> . INTEGER
    (53) expression -> . FLOAT
    (54) expression -> . ID
    (55) expression -> . ID LBRACKET expression RBRACKET
    (56) expression -> . ID DOT ID
    (57) expression -> . func_call
    (58) expression -> . STRING
    (59) expression -> . TRUE
    (60) expression -> . FALSE
    (70) func_call -> . ID LPAREN arg_list_opt RPAREN
    (71) func_call -> . ID DOT ID LPAREN arg_list_opt RPAREN

    MINUS           shift and go to state 22
    NOT             shift and go to state 23
    BIT_NOT         shift and go to state 24
    INCREMENT       shift and go to state 25
    DECREMENT       shift and go to state 26
    LPAREN          shift and go to state 19
    INTEGER         shift and go to state 27
    FLOAT           shift and go to state 28
    ID              shift and go to state 76
    STRING          shift and go to state 30
    TRUE            shift and go to state 31
    FALSE           shift and go to state 32

    expression                     shift and go to state 104
    func_call                      shift and go to state 77

state 56

    (30) expression -> expression TIMES . expression
    (28) expression -> . expression PLUS expression
    (29) expression -> . expression MINUS expression
    (30) expression -> . expression TIMES expression
    (31) expression -> . expression DIVIDE expression
    (32) expression -> . expression MOD expression
    (33) expression -> . expression AND expression
    (34) expression -> . expression OR expression
    (35) expression -> . expression EQ expression
    (36) expression -> . expression NEQ expression
    (37) expression -> . expression LT expression
    (38) expression -> . expression LE expression
    (39) expression -> . expression GT expression
    (40) expression -> . expression GE expression
    (41) expression -> . expression BIT_AND expression
    (42) expression -> . expression BIT_OR expression
    (43) expression -> . expression BIT_XOR expression
    (44) expression -> . expression SHIFT_LEFT expression
    (45) expression -> . expression SHIFT_RIGHT expression
    (46) expression -> . MINUS expression
    (47) expression -> . NOT expression
    (48) expression -> . BIT_NOT expression
    (49) expression -> . INCREMENT expression
    (50) expression -> . DECREMENT expression
    (51) expression -> . LPAREN expression RPAREN
    (52) expression -> . INTEGER
    (53) expression -> . FLOAT
    (54) expression -> . ID
    (55) expression -> . ID LBRACKET expression RBRACKET
    (56) expression -> . ID DOT ID
    (57) expression -> . func_call
    (58) expression -> . STRING
    (59) expression -> . TRUE
    (60) expression -> . FALSE
    (70) func_call -> . ID LPAREN arg_list_opt RPAREN
    (71) func_call -> . ID DOT ID LPAREN arg_list_opt RPAREN

    MINUS           shift and go to state 22
    NOT             shift and go to state 23
    BIT_NOT         shift and go to state 24
    INCREMENT       shift and go to state 25
    DECREMENT       shift and go to state 26
    LPAREN          shift and go to state 19
    INTEGER         shift and go to state 27
    FLOAT           shift and go to state 28
    ID              shift and go to state 76
    STRING          shift and go to state 30
    TRUE            shift and go to state 31
    FALSE           shift and go to state 32

    expression                     shift and go to state 105
    func_call                      shift and go to state 77

state 57

    (31) expression -> expression DIVIDE . expression
    (28) expression -> . expression PLUS expression
    (29) expression -> . expression MINUS expression
    (30) expression -> . expression TIMES expression
    (31) expression -> . expression DIVIDE expression
    (32) expression -> . expression MOD expression
    (33) expression -> . expression AND expression
    (34) expression -> . expression OR expression
    (35) expression -> . expression EQ expression
    (36) expression -> . expression NEQ expression
    (37) expression -> . expression LT expression
    (38) expression -> . expression LE expression
    (39) expression -> . expression GT expression
    (40) expression -> . expression GE expression
    (41) expression -> . expression BIT_AND expression
    (42) expression -> . expression BIT_OR expression
    (43) expression -> . expression BIT_XOR expression
    (44) expression -> . expression SHIFT_LEFT expression
    (45) expression -> . expression SHIFT_RIGHT expression
    (46) expression -> . MINUS expression
    (47) expression -> . NOT expression
    (48) expression -> . BIT_NOT expression
    (49) expression -> . INCREMENT expression
    (50) expression -> . DECREMENT expression
    (51) expression -> . LPAREN expression RPAREN
    (52) expression -> . INTEGER
    (53) expression -> . FLOAT
    (54) expression -> . ID
    (55) expression -> . ID LBRACKET expression RBRACKET
    (56) expression -> . ID DOT ID
    (57) expression -> . func_call
    (58) expression -> . STRING
    (59) expression -> . TRUE
    (60) expression -> . FALSE
    (70) func_call -> . ID LPAREN arg_list_opt RPAREN
    (71) func_call -> . ID DOT ID LPAREN arg_list_opt RPAREN

    MINUS           shift and go to state 22
    NOT             shift and go to state 23
    BIT_NOT         shift and go to state 24
    INCREMENT       shift and go to state 25
    DECREMENT       shift and go to state 26
    LPAREN          shift and go to state 19
    INTEGER         shift and go to state 27
    FLOAT           shift and go to state 28
    ID              shift and go to state 76
    STRING          shift and go to state 30
    TRUE            shift and go to state 31
    FALSE           shift and go to state 32

    expression                     shift and go to state 106
    func_call                      shift and go to state 77

state 58

    (32) expression -> expression MOD . expression
    (28) expression -> . expression PLUS expression
    (29) expression -> . expression MINUS expression
    (30) expression -> . expression TIMES expression
    (31) expression -> . expression DIVIDE expression
    (32) expression -> . expression MOD expression
    (33) expression -> . expression AND expression
    (34) expression -> . expression OR expression
    (35) expression -> . expression EQ expression
    (36) expression -> . expression NEQ expression
    (37) expression -> . expression LT expression
    (38) expression -> . expression LE expression
    (39) expression -> . expression GT expression
    (40) expression -> . expression GE expression
    (41) expression -> . expression BIT_AND expression
    (42) expression -> . expression BIT_OR expression
    (43) expression -> . expression BIT_XOR expression
    (44) expression -> . expression SHIFT_LEFT expression
    (45) expression -> . expression SHIFT_RIGHT expression
    (46) expression -> . MINUS expression
    (47) expression -> . NOT expression
    (48) expression -> . BIT_NOT expression
    (49) expression -> . INCREMENT expression
    (50) expression -> . DECREMENT expression
    (51) expression -> . LPAREN expression RPAREN
    (52) expression -> . INTEGER
    (53) expression -> . FLOAT
    (54) expression -> . ID
    (55) expression -> . ID LBRACKET expression RBRACKET
    (56) expression -> . ID DOT ID
    (57) expression -> . func_call
    (58) expression -> . STRING
    (59) expression -> . TRUE
    (60) expression -> . FALSE
    (70) func_call -> . ID LPAREN arg_list_opt RPAREN
    (71) func_call -> . ID DOT ID LPAREN arg_list_opt RPAREN

    MINUS           shift and go to state 22
    NOT             shift and go to state 23
    BIT_NOT         shift and go to state 24
    INCREMENT       shift and go to state 25
    DECREMENT       shift and go to state 26
    LPAREN          shift and go to state 19
    INTEGER         shift and go to state 27
    FLOAT           shift and go to state 28
    ID              shift and go to state 76
    STRING          shift and go to state 30
    TRUE            shift and go to state 31
    FALSE           shift and go to state 32

    expression                     shift and go to state 107
    func_call                      shift and go to state 77

state 59

    (33) expression -> expression AND . expression
    (28) expression -> . expression PLUS expression
    (29) expression -> . expression MINUS expression
    (30) expression -> . expression TIMES expression
    (31) expression -> . expression DIVIDE expression
    (32) expression -> . expression MOD expression
    (33) expression -> . expression AND expression
    (34) expression -> . expression OR expression
    (35) expression -> . expression EQ expression
    (36) expression -> . expression NEQ expression
    (37) expression -> . expression LT expression
    (38) expression -> . expression LE expression
    (39) expression -> . expression GT expression
    (40) expression -> . expression GE expression
    (41) expression -> . expression BIT_AND expression
    (42) expression -> . expression BIT_OR expression
    (43) expression -> . expression BIT_XOR expression
    (44) expression -> . expression SHIFT_LEFT expression
    (45) expression -> . expression SHIFT_RIGHT expression
    (46) expression -> . MINUS expression
    (47) expression -> . NOT expression
    (48) expression -> . BIT_NOT expression
    (49) expression -> . INCREMENT expression
    (50) expression -> . DECREMENT expression
    (51) expression -> . LPAREN expression RPAREN
    (52) expression -> . INTEGER
    (53) expression -> . FLOAT
    (54) expression -> . ID
    (55) expression -> . ID LBRACKET expression RBRACKET
    (56) expression -> . ID DOT ID
    (57) expression -> . func_call
    (58) expression -> . STRING
    (59) expression -> . TRUE
    (60) expression -> . FALSE
    (70) func_call -> . ID LPAREN arg_list_opt RPAREN
    (71) func_call -> . ID DOT ID LPAREN arg_list_opt RPAREN

    MINUS           shift and go to state 22
    NOT             shift and go to state 23
    BIT_NOT         shift and go to state 24
    INCREMENT       shift and go to state 25
    DECREMENT       shift and go to state 26
    LPAREN          shift and go to state 19
    INTEGER         shift and go to state 27
    FLOAT           shift and go to state 28
    ID              shift and go to state 76
    STRING          shift and go to state 30
    TRUE            shift and go to state 31
    FALSE           shift and go to state 32

    expression                     shift and go to state 108
    func_call                      shift and go to state 77

state 60

    (34) expression -> expression OR . expression
    (28) expression -> . expression PLUS expression
    (29) expression -> . expression MINUS expression
    (30) expression -> . expression TIMES expression
    (31) expression -> . expression DIVIDE expression
    (32) expression -> . expression MOD expression
    (33) expression -> . expression AND expression
    (34) expression -> . expression OR expression
    (35) expression -> . expression EQ expression
    (36) expression -> . expression NEQ expression
    (37) expression -> . expression LT expression
    (38) expression -> . expression LE expression
    (39) expression -> . expression GT expression
    (40) expression -> . expression GE expression
    (41) expression -> . expression BIT_AND expression
    (42) expression -> . expression BIT_OR expression
    (43) expression -> . expression BIT_XOR expression
    (44) expression -> . expression SHIFT_LEFT expression
    (45) expression -> . expression SHIFT_RIGHT expression
    (46) expression -> . MINUS expression
    (47) expression -> . NOT expression
    (48) expression -> . BIT_NOT expression
    (49) expression -> . INCREMENT expression
    (50) expression -> . DECREMENT expression
    (51) expression -> . LPAREN expression RPAREN
    (52) expression -> . INTEGER
    (53) expression -> . FLOAT
    (54) expression -> . ID
    (55) expression -> . ID LBRACKET expression RBRACKET
    (56) expression -> . ID DOT ID
    (57) expression -> . func_call
    (58) expression -> . STRING
    (59) expression -> . TRUE
    (60) expression -> . FALSE
    (70) func_call -> . ID LPAREN arg_list_opt RPAREN
    (71) func_call -> . ID DOT ID LPAREN arg_list_opt RPAREN

    MINUS           shift and go to state 22
    NOT             shift and go to state 23
    BIT_NOT         shift and go to state 24
    INCREMENT       shift and go to state 25
    DECREMENT       shift and go to state 26
    LPAREN          shift and go to state 19
    INTEGER         shift and go to state 27
    FLOAT           shift and go to state 28
    ID              shift and go to state 76
    STRING          shift and go to state 30
    TRUE            shift and go to state 31
    FALSE           shift and go to state 32

    expression                     shift and go to state 109
    func_call                      shift and go to state 77

state 61

    (35) expression -> expression EQ . expression
    (28) expression -> . expression PLUS expression
    (29) expression -> . expression MINUS expression
    (30) expression -> . expression TIMES expression
    (31) expression -> . expression DIVIDE expression
    (32) expression -> . expression MOD expression
    (33) expression -> . expression AND expression
    (34) expression -> . expression OR expression
    (35) expression -> . expression EQ expression
    (36) expression -> . expression NEQ expression
    (37) expression -> . expression LT expression
    (38) expression -> . expression LE expression
    (39) expression -> . expression GT expression
    (40) expression -> . expression GE expression
    (41) expression -> . expression BIT_AND expression
    (42) expression -> . expression BIT_OR expression
    (43) expression -> . expression BIT_XOR expression
    (44) expression -> . expression SHIFT_LEFT expression
    (45) expression -> . expression SHIFT_RIGHT expression
    (46) expression -> . MINUS expression
    (47) expression -> . NOT expression
    (48) expression -> . BIT_NOT expression
    (49) expression -> . INCREMENT expression
    (50) expression -> . DECREMENT expression
    (51) expression -> . LPAREN expression RPAREN
    (52) expression -> . INTEGER
    (53) expression -> . FLOAT
    (54) expression -> . ID
    (55) expression -> . ID LBRACKET expression RBRACKET
    (56) expression -> . ID DOT ID
    (57) expression -> . func_call
    (58) expression -> . STRING
    (59) expression -> . TRUE
    (60) expression -> . FALSE
    (70) func_call -> . ID LPAREN arg_list_opt RPAREN
    (71) func_call -> . ID DOT ID LPAREN arg_list_opt RPAREN

    MINUS           shift and go to state 22
    NOT             shift and go to state 23
    BIT_NOT         shift and go to state 24
    INCREMENT       shift and go to state 25
    DECREMENT       shift and go to state 26
    LPAREN          shift and go to state 19
    INTEGER         shift and go to state 27
    FLOAT           shift and go to state 28
    ID              shift and go to state 76
    STRING          shift and go to state 30
    TRUE            shift and go to state 31
    FALSE           shift and go to state 32

    expression                     shift and go to state 110
    func_call                      shift and go to state 77

state 62

    (36) expression -> expression NEQ . expression
    (28) expression -> . expression PLUS expression
    (29) expression -> . expression MINUS expression
    (30) expression -> . expression TIMES expression
    (31) expression -> . expression DIVIDE expression
    (32) expression -> . expression MOD expression
    (33) expression -> . expression AND expression
    (34) expression -> . expression OR expression
    (35) expression -> . expression EQ expression
    (36) expression -> . expression NEQ expression
    (37) expression -> . expression LT expression
    (38) expression -> . expression LE expression
    (39) expression -> . expression GT expression
    (40) expression -> . expression GE expression
    (41) expression -> . expression BIT_AND expression
    (42) expression -> . expression BIT_OR expression
    (43) expression -> . expression BIT_XOR expression
    (44) expression -> . expression SHIFT_LEFT expression
    (45) expression -> . expression SHIFT_RIGHT expression
    (46) expression -> . MINUS expression
    (47) expression -> . NOT expression
    (48) expression -> . BIT_NOT expression
    (49) expression -> . INCREMENT expression
    (50) expression -> . DECREMENT expression
    (51) expression -> . LPAREN expression RPAREN
    (52) expression -> . INTEGER
    (53) expression -> . FLOAT
    (54) expression -> . ID
    (55) expression -> . ID LBRACKET expression RBRACKET
    (56) expression -> . ID DOT ID
    (57) expression -> . func_call
    (58) expression -> . STRING
    (59) expression -> . TRUE
    (60) expression -> . FALSE
    (70) func_call -> . ID LPAREN arg_list_opt RPAREN
    (71) func_call -> . ID DOT ID LPAREN arg_list_opt RPAREN

    MINUS           shift and go to state 22
    NOT             shift and go to state 23
    BIT_NOT         shift and go to state 24
    INCREMENT       shift and go to state 25
    DECREMENT       shift and go to state 26
    LPAREN          shift and go to state 19
    INTEGER         shift and go to state 27
    FLOAT           shift and go to state 28
    ID              shift and go to state 76
    STRING          shift and go to state 30
    TRUE            shift and go to state 31
    FALSE           shift and go to state 32

    expression                     shift and go to state 111
    func_call                      shift and go to state 77

state 63

    (37) expression -> expression LT . expression
    (28) expression -> . expression PLUS expression
    (29) expression -> . expression MINUS expression
    (30) expression -> . expression TIMES expression
    (31) expression -> . expression DIVIDE expression
    (32) expression -> . expression MOD expression
    (33) expression -> . expression AND expression
    (34) expression -> . expression OR expression
    (35) expression -> . expression EQ expression
    (36) expression -> . expression NEQ expression
    (37) expression -> . expression LT expression
    (38) expression -> . expression LE expression
    (39) expression -> . expression GT expression
    (40) expression -> . expression GE expression
    (41) expression -> . expression BIT_AND expression
    (42) expression -> . expression BIT_OR expression
    (43) expression -> . expression BIT_XOR expression
    (44) expression -> . expression SHIFT_LEFT expression
    (45) expression -> . expression SHIFT_RIGHT expression
    (46) expression -> . MINUS expression
    (47) expression -> . NOT expression
    (48) expression -> . BIT_NOT expression
    (49) expression -> . INCREMENT expression
    (50) expression -> . DECREMENT expression
    (51) expression -> . LPAREN expression RPAREN
    (52) expression -> . INTEGER
    (53) expression -> . FLOAT
    (54) expression -> . ID
    (55) expression -> . ID LBRACKET expression RBRACKET
    (56) expression -> . ID DOT ID
    (57) expression -> . func_call
    (58) expression -> . STRING
    (59) expression -> . TRUE
    (60) expression -> . FALSE
    (70) func_call -> . ID LPAREN arg_list_opt RPAREN
    (71) func_call -> . ID DOT ID LPAREN arg_list_opt RPAREN

    MINUS           shift and go to state 22
    NOT             shift and go to state 23
    BIT_NOT         shift and go to state 24
    INCREMENT       shift and go to state 25
    DECREMENT       shift and go to state 26
    LPAREN          shift and go to state 19
    INTEGER         shift and go to state 27
    FLOAT           shift and go to state 28
    ID              shift and go to state 76
    STRING          shift and go to state 30
    TRUE            shift and go to state 31
    FALSE           shift and go to state 32

    expression                     shift and go to state 112
    func_call                      shift and go to state 77

state 64

    (38) expression -> expression LE . expression
    (28) expression -> . expression PLUS expression
    (29) expression -> . expression MINUS expression
    (30) expression -> . expression TIMES expression
    (31) expression -> . expression DIVIDE expression
    (32) expression -> . expression MOD expression
    (33) expression -> . expression AND expression
    (34) expression -> . expression OR expression
    (35) expression -> . expression EQ expression
    (36) expression -> . expression NEQ expression
    (37) expression -> . expression LT expression
    (38) expression -> . expression LE expression
    (39) expression -> . expression GT expression
    (40) expression -> . expression GE expression
    (41) expression -> . expression BIT_AND expression
    (42) expression -> . expression BIT_OR expression
    (43) expression -> . expression BIT_XOR expression
    (44) expression -> . expression SHIFT_LEFT expression
    (45) expression -> . expression SHIFT_RIGHT expression
    (46) expression -> . MINUS expression
    (47) expression -> . NOT expression
    (48) expression -> . BIT_NOT expression
    (49) expression -> . INCREMENT expression
    (50) expression -> . DECREMENT expression
    (51) expression -> . LPAREN expression RPAREN
    (52) expression -> . INTEGER
    (53) expression -> . FLOAT
    (54) expression -> . ID
    (55) expression -> . ID LBRACKET expression RBRACKET
    (56) expression -> . ID DOT ID
    (57) expression -> . func_call
    (58) expression -> . STRING
    (59) expression -> . TRUE
    (60) expression -> . FALSE
    (70) func_call -> . ID LPAREN arg_list_opt RPAREN
    (71) func_call -> . ID DOT ID LPAREN arg_list_opt RPAREN

    MINUS           shift and go to state 22
    NOT             shift and go to state 23
    BIT_NOT         shift and go to state 24
    INCREMENT       shift and go to state 25
    DECREMENT       shift and go to state 26
    LPAREN          shift and go to state 19
    INTEGER         shift and go to state 27
    FLOAT           shift and go to state 28
    ID              shift and go to state 76
    STRING          shift and go to state 30
    TRUE            shift and go to state 31
    FALSE           shift and go to state 32

    expression                     shift and go to state 113
    func_call                      shift and go to state 77

state 65

    (39) expression -> expression GT . expression
    (28) expression -> . expression PLUS expression
    (29) expression -> . expression MINUS expression
    (30) expression -> . expression TIMES expression
    (31) expression -> . expression DIVIDE expression
    (32) expression -> . expression MOD expression
    (33) expression -> . expression AND expression
    (34) expression -> . expression OR expression
    (35) expression -> . expression EQ expression
    (36) expression -> . expression NEQ expression
    (37) expression -> . expression LT expression
    (38) expression -> . expression LE expression
    (39) expression -> . expression GT expression
    (40) expression -> . expression GE expression
    (41) expression -> . expression BIT_AND expression
    (42) expression -> . expression BIT_OR expression
    (43) expression -> . expression BIT_XOR expression
    (44) expression -> . expression SHIFT_LEFT expression
    (45) expression -> . expression SHIFT_RIGHT expression
    (46) expression -> . MINUS expression
    (47) expression -> . NOT expression
    (48) expression -> . BIT_NOT expression
    (49) expression -> . INCREMENT expression
    (50) expression -> . DECREMENT expression
    (51) expression -> . LPAREN expression RPAREN
    (52) expression -> . INTEGER
    (53) expression -> . FLOAT
    (54) expression -> . ID
    (55) expression -> . ID LBRACKET expression RBRACKET
    (56) expression -> . ID DOT ID
    (57) expression -> . func_call
    (58) expression -> . STRING
    (59) expression -> . TRUE
    (60) expression -> . FALSE
    (70) func_call -> . ID LPAREN arg_list_opt RPAREN
    (71) func_call -> . ID DOT ID LPAREN arg_list_opt RPAREN

    MINUS           shift and go to state 22
    NOT             shift and go to state 23
    BIT_NOT         shift and go to state 24
    INCREMENT       shift and go to state 25
    DECREMENT       shift and go to state 26
    LPAREN          shift and go to state 19
    INTEGER         shift and go to state 27
    FLOAT           shift and go to state 28
    ID              shift and go to state 76
    STRING          shift and go to state 30
    TRUE            shift and go to state 31
    FALSE           shift and go to state 32

    expression                     shift and go to state 114
    func_call                      shift and go to state 77

state 66

    (40) expression -> expression GE . expression
    (28) expression -> . expression PLUS expression
    (29) expression -> . expression MINUS expression
    (30) expression -> . expression TIMES expression
    (31) expression -> . expression DIVIDE expression
    (32) expression -> . expression MOD expression
    (33) expression -> . expression AND expression
    (34) expression -> . expression OR expression
    (35) expression -> . expression EQ expression
    (36) expression -> . expression NEQ expression
    (37) expression -> . expression LT expression
    (38) expression -> . expression LE expression
    (39) expression -> . expression GT expression
    (40) expression -> . expression GE expression
    (41) expression -> . expression BIT_AND expression
    (42) expression -> . expression BIT_OR expression
    (43) expression -> . expression BIT_XOR expression
    (44) expression -> . expression SHIFT_LEFT expression
    (45) expression -> . expression SHIFT_RIGHT expression
    (46) expression -> . MINUS expression
    (47) expression -> . NOT expression
    (48) expression -> . BIT_NOT expression
    (49) expression -> . INCREMENT expression
    (50) expression -> . DECREMENT expression
    (51) expression -> . LPAREN expression RPAREN
    (52) expression -> . INTEGER
    (53) expression -> . FLOAT
    (54) expression -> . ID
    (55) expression -> . ID LBRACKET expression RBRACKET
    (56) expression -> . ID DOT ID
    (57) expression -> . func_call
    (58) expression -> . STRING
    (59) expression -> . TRUE
    (60) expression -> . FALSE
    (70) func_call -> . ID LPAREN arg_list_opt RPAREN
    (71) func_call -> . ID DOT ID LPAREN arg_list_opt RPAREN

    MINUS           shift and go to state 22
    NOT             shift and go to state 23
    BIT_NOT         shift and go to state 24
    INCREMENT       shift and go to state 25
    DECREMENT       shift and go to state 26
    LPAREN          shift and go to state 19
    INTEGER         shift and go to state 27
    FLOAT           shift and go to state 28
    ID              shift and go to state 76
    STRING          shift and go to state 30
    TRUE            shift and go to state 31
    FALSE           shift and go to state 32

    expression                     shift and go to state 115
    func_call                      shift and go to state 77

state 67

    (41) expression -> expression BIT_AND . expression
    (28) expression -> . expression PLUS expression
    (29) expression -> . expression MINUS expression
    (30) expression -> . expression TIMES expression
    (31) expression -> . expression DIVIDE expression
    (32) expression -> . expression MOD expression
    (33) expression -> . expression AND expression
    (34) expression -> . expression OR expression
    (35) expression -> . expression EQ expression
    (36) expression -> . expression NEQ expression
    (37) expression -> . expression LT expression
    (38) expression -> . expression LE expression
    (39) expression -> . expression GT expression
    (40) expression -> . expression GE expression
    (41) expression -> . expression BIT_AND expression
    (42) expression -> . expression BIT_OR expression
    (43) expression -> . expression BIT_XOR expression
    (44) expression -> . expression SHIFT_LEFT expression
    (45) expression -> . expression SHIFT_RIGHT expression
    (46) expression -> . MINUS expression
    (47) expression -> . NOT expression
    (48) expression -> . BIT_NOT expression
    (49) expression -> . INCREMENT expression
    (50) expression -> . DECREMENT expression
    (51) expression -> . LPAREN expression RPAREN
    (52) expression -> . INTEGER
    (53) expression -> . FLOAT
    (54) expression -> . ID
    (55) expression -> . ID LBRACKET expression RBRACKET
    (56) expression -> . ID DOT ID
    (57) expression -> . func_call
    (58) expression -> . STRING
    (59) expression -> . TRUE
    (60) expression -> . FALSE
    (70) func_call -> . ID LPAREN arg_list_opt RPAREN
    (71) func_call -> . ID DOT ID LPAREN arg_list_opt RPAREN

    MINUS           shift and go to state 22
    NOT             shift and go to state 23
    BIT_NOT         shift and go to state 24
    INCREMENT       shift and go to state 25
    DECREMENT       shift and go to state 26
    LPAREN          shift and go to state 19
    INTEGER         shift and go to state 27
    FLOAT           shift and go to state 28
    ID              shift and go to state 76
    STRING          shift and go to state 30
    TRUE            shift and go to state 31
    FALSE           shift and go to state 32

    expression                     shift and go to state 116
    func_call                      shift and go to state 77

state 68

    (42) expression -> expression BIT_OR . expression
    (28) expression -> . expression PLUS expression
    (29) expression -> . expression MINUS expression
    (30) expression -> . expression TIMES expression
    (31) expression -> . expression DIVIDE expression
    (32) expression -> . expression MOD expression
    (33) expression -> . expression AND expression
    (34) expression -> . expression OR expression
    (35) expression -> . expression EQ expression
    (36) expression -> . expression NEQ expression
    (37) expression -> . expression LT expression
    (38) expression -> . expression LE expression
    (39) expression -> . expression GT expression
    (40) expression -> . expression GE expression
    (41) expression -> . expression BIT_AND expression
    (42) expression -> . expression BIT_OR expression
    (43) expression -> . expression BIT_XOR expression
    (44) expression -> . expression SHIFT_LEFT expression
    (45) expression -> . expression SHIFT_RIGHT expression
    (46) expression -> . MINUS expression
    (47) expression -> . NOT expression
    (48) expression -> . BIT_NOT expression
    (49) expression -> . INCREMENT expression
    (50) expression -> . DECREMENT expression
    (51) expression -> . LPAREN expression RPAREN
    (52) expression -> . INTEGER
    (53) expression -> . FLOAT
    (54) expression -> . ID
    (55) expression -> . ID LBRACKET expression RBRACKET
    (56) expression -> . ID DOT ID
    (57) expression -> . func_call
    (58) expression -> . STRING
    (59) expression -> . TRUE
    (60) expression -> . FALSE
    (70) func_call -> . ID LPAREN arg_list_opt RPAREN
    (71) func_call -> . ID DOT ID LPAREN arg_list_opt RPAREN

    MINUS           shift and go to state 22
    NOT             shift and go to state 23
    BIT_NOT         shift and go to state 24
    INCREMENT       shift and go to state 25
    DECREMENT       shift and go to state 26
    LPAREN          shift and go to state 19
    INTEGER         shift and go to state 27
    FLOAT           shift and go to state 28
    ID              shift and go to state 76
    STRING          shift and go to state 30
    TRUE            shift and go to state 31
    FALSE           shift and go to state 32

    expression                     shift and go to state 117
    func_call                      shift and go to state 77

state 69

    (43) expression -> expression BIT_XOR . expression
    (28) expression -> . expression PLUS expression
    (29) expression -> . expression MINUS expression
    (30) expression -> . expression TIMES expression
    (31) expression -> . expression DIVIDE expression
    (32) expression -> . expression MOD expression
    (33) expression -> . expression AND expression
    (34) expression -> . expression OR expression
    (35) expression -> . expression EQ expression
    (36) expression -> . expression NEQ expression
    (37) expression -> . expression LT expression
    (38) expression -> . expression LE expression
    (39) expression -> . expression GT expression
    (40) expression -> . expression GE expression
    (41) expression -> . expression BIT_AND expression
    (42) expression -> . expression BIT_OR expression
    (43) expression -> . expression BIT_XOR expression
    (44) expression -> . expression SHIFT_LEFT expression
    (45) expression -> . expression SHIFT_RIGHT expression
    (46) expression -> . MINUS expression
    (47) expression -> . NOT expression
    (48) expression -> . BIT_NOT expression
    (49) expression -> . INCREMENT expression
    (50) expression -> . DECREMENT expression
    (51) expression -> . LPAREN expression RPAREN
    (52) expression -> . INTEGER
    (53) expression -> . FLOAT
    (54) expression -> . ID
    (55) expression -> . ID LBRACKET expression RBRACKET
    (56) expression -> . ID DOT ID
    (57) expression -> . func_call
    (58) expression -> . STRING
    (59) expression -> . TRUE
    (60) expression -> . FALSE
    (70) func_call -> . ID LPAREN arg_list_opt RPAREN
    (71) func_call -> . ID DOT ID LPAREN arg_list_opt RPAREN

    MINUS           shift and go to state 22
    NOT             shift and go to state 23
    BIT_NOT         shift and go to state 24
    INCREMENT       shift and go to state 25
    DECREMENT       shift and go to state 26
    LPAREN          shift and go to state 19
    INTEGER         shift and go to state 27
    FLOAT           shift and go to state 28
    ID              shift and go to state 76
    STRING          shift and go to state 30
    TRUE            shift and go to state 31
    FALSE           shift and go to state 32

    expression                     shift and go to state 118
    func_call                      shift and go to state 77

state 70

    (44) expression -> expression SHIFT_LEFT . expression
    (28) expression -> . expression PLUS expression
    (29) expression -> . expression MINUS expression
    (30) expression -> . expression TIMES expression
    (31) expression -> . expression DIVIDE expression
    (32) expression -> . expression MOD expression
    (33) expression -> . expression AND expression
    (34) expression -> . expression OR expression
    (35) expression -> . expression EQ expression
    (36) expression -> . expression NEQ expression
    (37) expression -> . expression LT expression
    (38) expression -> . expression LE expression
    (39) expression -> . expression GT expression
    (40) expression -> . expression GE expression
    (41) expression -> . expression BIT_AND expression
    (42) expression -> . expression BIT_OR expression
    (43) expression -> . expression BIT_XOR expression
    (44) expression -> . expression SHIFT_LEFT expression
    (45) expression -> . expression SHIFT_RIGHT expression
    (46) expression -> . MINUS expression
    (47) expression -> . NOT expression
    (48) expression -> . BIT_NOT expression
    (49) expression -> . INCREMENT expression
    (50) expression -> . DECREMENT expression
    (51) expression -> . LPAREN expression RPAREN
    (52) expression -> . INTEGER
    (53) expression -> . FLOAT
    (54) expression -> . ID
    (55) expression -> . ID LBRACKET expression RBRACKET
    (56) expression -> . ID DOT ID
    (57) expression -> . func_call
    (58) expression -> . STRING
    (59) expression -> . TRUE
    (60) expression -> . FALSE
    (70) func_call -> . ID LPAREN arg_list_opt RPAREN
    (71) func_call -> . ID DOT ID LPAREN arg_list_opt RPAREN

    MINUS           shift and go to state 22
    NOT             shift and go to state 23
    BIT_NOT         shift and go to state 24
    INCREMENT       shift and go to state 25
    DECREMENT       shift and go to state 26
    LPAREN          shift and go to state 19
    INTEGER         shift and go to state 27
    FLOAT           shift and go to state 28
    ID              shift and go to state 76
    STRING          shift and go to state 30
    TRUE            shift and go to state 31
    FALSE           shift and go to state 32

    expression                     shift and go to state 119
    func_call                      shift and go to state 77

state 71

    (45) expression -> expression SHIFT_RIGHT . expression
    (28) expression -> . expression PLUS expression
    (29) expression -> . expression MINUS expression
    (30) expression -> . expression TIMES expression
    (31) expression -> . expression DIVIDE expression
    (32) expression -> . expression MOD expression
    (33) expression -> . expression AND expression
    (34) expression -> . expression OR expression
    (35) expression -> . expression EQ expression
    (36) expression -> . expression NEQ expression
    (37) expression -> . expression LT expression
    (38) expression -> . expression LE expression
    (39) expression -> . expression GT expression
    (40) expression -> . expression GE expression
    (41) expression -> . expression BIT_AND expression
    (42) expression -> . expression BIT_OR expression
    (43) expression -> . expression BIT_XOR expression
    (44) expression -> . expression SHIFT_LEFT expression
    (45) expression -> . expression SHIFT_RIGHT expression
    (46) expression -> . MINUS expression
    (47) expression -> . NOT expression
    (48) expression -> . BIT_NOT expression
    (49) expression -> . INCREMENT expression
    (50) expression -> . DECREMENT expression
    (51) expression -> . LPAREN expression RPAREN
    (52) expression -> . INTEGER
    (53) expression -> . FLOAT
    (54) expression -> . ID
    (55) expression -> . ID LBRACKET expression RBRACKET
    (56) expression -> . ID DOT ID
    (57) expression -> . func_call
    (58) expression -> . STRING
    (59) expression -> . TRUE
    (60) expression -> . FALSE
    (70) func_call -> . ID LPAREN arg_list_opt RPAREN
    (71) func_call -> . ID DOT ID LPAREN arg_list_opt RPAREN

    MINUS           shift and go to state 22
    NOT             shift and go to state 23
    BIT_NOT         shift and go to state 24
    INCREMENT       shift and go to state 25
    DECREMENT       shift and go to state 26
    LPAREN          shift and go to state 19
    INTEGER         shift and go to state 27
    FLOAT           shift and go to state 28
    ID              shift and go to state 76
    STRING          shift and go to state 30
    TRUE            shift and go to state 31
    FALSE           shift and go to state 32

    expression                     shift and go to state 120
    func_call                      shift and go to state 77

state 72

    (102) statement -> ID LPAREN . expression RPAREN SEMI
    (70) func_call -> ID LPAREN . arg_list_opt RPAREN
    (28) expression -> . expression PLUS expression
    (29) expression -> . expression MINUS expression
    (30) expression -> . expression TIMES expression
    (31) expression -> . expression DIVIDE expression
    (32) expression -> . expression MOD expression
    (33) expression -> . expression AND expression
    (34) expression -> . expression OR expression
    (35) expression -> . expression EQ expression
    (36) expression -> . expression NEQ expression
    (37) expression -> . expression LT expression
    (38) expression -> . expression LE expression
    (39) expression -> . expression GT expression
    (40) expression -> . expression GE expression
    (41) expression -> . expression BIT_AND expression
    (42) expression -> . expression BIT_OR expression
    (43) expression -> . expression BIT_XOR expression
    (44) expression -> . expression SHIFT_LEFT expression
    (45) expression -> . expression SHIFT_RIGHT expression
    (46) expression -> . MINUS expression
    (47) expression -> . NOT expression
    (48) expression -> . BIT_NOT expression
    (49) expression -> . INCREMENT expression
    (50) expression -> . DECREMENT expression
    (51) expression -> . LPAREN expression RPAREN
    (52) expression -> . INTEGER
    (53) expression -> . FLOAT
    (54) expression -> . ID
    (55) expression -> . ID LBRACKET expression RBRACKET
    (56) expression -> . ID DOT ID
    (57) expression -> . func_call
    (58) expression -> . STRING
    (59) expression -> . TRUE
    (60) expression -> . FALSE
    (74) arg_list_opt -> . arg_list
    (75) arg_list_opt -> . empty
    (70) func_call -> . ID LPAREN arg_list_opt RPAREN
    (71) func_call -> . ID DOT ID LPAREN arg_list_opt RPAREN
    (76) arg_list -> . arg COMMA arg_list
    (77) arg_list -> . arg
    (104) empty -> .
    (78) arg -> . ID
    (79) arg -> . expression

    MINUS           shift and go to state 22
    NOT             shift and go to state 23
    BIT_NOT         shift and go to state 24
    INCREMENT       shift and go to state 25
    DECREMENT       shift and go to state 26
    LPAREN          shift and go to state 19
    INTEGER         shift and go to state 27
    FLOAT           shift and go to state 28
    ID              shift and go to state 121
    STRING          shift and go to state 30
    TRUE            shift and go to state 31
    FALSE           shift and go to state 32
    RPAREN          reduce using rule 104 (empty -> .)

    expression                     shift and go to state 122
    arg_list_opt                   shift and go to state 123
    func_call                      shift and go to state 77
    arg_list                       shift and go to state 124
    empty                          shift and go to state 125
    arg                            shift and go to state 126

state 73

    (55) expression -> ID LBRACKET . expression RBRACKET
    (93) lvalue -> ID LBRACKET . expression RBRACKET
    (28) expression -> . expression PLUS expression
    (29) expression -> . expression MINUS expression
    (30) expression -> . expression TIMES expression
    (31) expression -> . expression DIVIDE expression
    (32) expression -> . expression MOD expression
    (33) expression -> . expression AND expression
    (34) expression -> . expression OR expression
    (35) expression -> . expression EQ expression
    (36) expression -> . expression NEQ expression
    (37) expression -> . expression LT expression
    (38) expression -> . expression LE expression
    (39) expression -> . expression GT expression
    (40) expression -> . expression GE expression
    (41) expression -> . expression BIT_AND expression
    (42) expression -> . expression BIT_OR expression
    (43) expression -> . expression BIT_XOR expression
    (44) expression -> . expression SHIFT_LEFT expression
    (45) expression -> . expression SHIFT_RIGHT expression
    (46) expression -> . MINUS expression
    (47) expression -> . NOT expression
    (48) expression -> . BIT_NOT expression
    (49) expression -> . INCREMENT expression
    (50) expression -> . DECREMENT expression
    (51) expression -> . LPAREN expression RPAREN
    (52) expression -> . INTEGER
    (53) expression -> . FLOAT
    (54) expression -> . ID
    (55) expression -> . ID LBRACKET expression RBRACKET
    (56) expression -> . ID DOT ID
    (57) expression -> . func_call
    (58) expression -> . STRING
    (59) expression -> . TRUE
    (60) expression -> . FALSE
    (70) func_call -> . ID LPAREN arg_list_opt RPAREN
    (71) func_call -> . ID DOT ID LPAREN arg_list_opt RPAREN

    MINUS           shift and go to state 22
    NOT             shift and go to state 23
    BIT_NOT         shift and go to state 24
    INCREMENT       shift and go to state 25
    DECREMENT       shift and go to state 26
    LPAREN          shift and go to state 19
    INTEGER         shift and go to state 27
    FLOAT           shift and go to state 28
    ID              shift and go to state 76
    STRING          shift and go to state 30
    TRUE            shift and go to state 31
    FALSE           shift and go to state 32

    expression                     shift and go to state 127
    func_call                      shift and go to state 77

state 74

    (56) expression -> ID DOT . ID
    (92) lvalue -> ID DOT . ID
    (71) func_call -> ID DOT . ID LPAREN arg_list_opt RPAREN

    ID              shift and go to state 128


state 75

    (51) expression -> LPAREN expression . RPAREN
    (28) expression -> expression . PLUS expression
    (29) expression -> expression . MINUS expression
    (30) expression -> expression . TIMES expression
    (31) expression -> expression . DIVIDE expression
    (32) expression -> expression . MOD expression
    (33) expression -> expression . AND expression
    (34) expression -> expression . OR expression
    (35) expression -> expression . EQ expression
    (36) expression -> expression . NEQ expression
    (37) expression -> expression . LT expression
    (38) expression -> expression . LE expression
    (39) expression -> expression . GT expression
    (40) expression -> expression . GE expression
    (41) expression -> expression . BIT_AND expression
    (42) expression -> expression . BIT_OR expression
    (43) expression -> expression . BIT_XOR expression
    (44) expression -> expression . SHIFT_LEFT expression
    (45) expression -> expression . SHIFT_RIGHT expression

    RPAREN          shift and go to state 129
    PLUS            shift and go to state 54
    MINUS           shift and go to state 55
    TIMES           shift and go to state 56
    DIVIDE          shift and go to state 57
    MOD             shift and go to state 58
    AND             shift and go to state 59
    OR              shift and go to state 60
    EQ              shift and go to state 61
    NEQ             shift and go to state 62
    LT              shift and go to state 63
    LE              shift and go to state 64
    GT              shift and go to state 65
    GE              shift and go to state 66
    BIT_AND         shift and go to state 67
    BIT_OR          shift and go to state 68
    BIT_XOR         shift and go to state 69
    SHIFT_LEFT      shift and go to state 70
    SHIFT_RIGHT     shift and go to state 71


state 76

    (54) expression -> ID .
    (55) expression -> ID . LBRACKET expression RBRACKET
    (56) expression -> ID . DOT ID
    (70) func_call -> ID . LPAREN arg_list_opt RPAREN
    (71) func_call -> ID . DOT ID LPAREN arg_list_opt RPAREN

    RPAREN          reduce using rule 54 (expression -> ID .)
    PLUS            reduce using rule 54 (expression -> ID .)
    MINUS           reduce using rule 54 (expression -> ID .)
    TIMES           reduce using rule 54 (expression -> ID .)
    DIVIDE          reduce using rule 54 (expression -> ID .)
    MOD             reduce using rule 54 (expression -> ID .)
    AND             reduce using rule 54 (expression -> ID .)
    OR              reduce using rule 54 (expression -> ID .)
    EQ              reduce using rule 54 (expression -> ID .)
    NEQ             reduce using rule 54 (expression -> ID .)
    LT              reduce using rule 54 (expression -> ID .)
    LE              reduce using rule 54 (expression -> ID .)
    GT              reduce using rule 54 (expression -> ID .)
    GE              reduce using rule 54 (expression -> ID .)
    BIT_AND         reduce using rule 54 (expression -> ID .)
    BIT_OR          reduce using rule 54 (expression -> ID .)
    BIT_XOR         reduce using rule 54 (expression -> ID .)
    SHIFT_LEFT      reduce using rule 54 (expression -> ID .)
    SHIFT_RIGHT     reduce using rule 54 (expression -> ID .)
    SEMI            reduce using rule 54 (expression -> ID .)
    COMMA           reduce using rule 54 (expression -> ID .)
    RBRACKET        reduce using rule 54 (expression -> ID .)
    RANGE           reduce using rule 54 (expression -> ID .)
    LBRACKET        shift and go to state 130
    DOT             shift and go to state 131
    LPAREN          shift and go to state 132


state 77

    (57) expression -> func_call .

    RPAREN          reduce using rule 57 (expression -> func_call .)
    PLUS            reduce using rule 57 (expression -> func_call .)
    MINUS           reduce using rule 57 (expression -> func_call .)
    TIMES           reduce using rule 57 (expression -> func_call .)
    DIVIDE          reduce using rule 57 (expression -> func_call .)
    MOD             reduce using rule 57 (expression -> func_call .)
    AND             reduce using rule 57 (expression -> func_call .)
    OR              reduce using rule 57 (expression -> func_call .)
    EQ              reduce using rule 57 (expression -> func_call .)
    NEQ             reduce using rule 57 (expression -> func_call .)
    LT              reduce using rule 57 (expression -> func_call .)
    LE              reduce using rule 57 (expression -> func_call .)
    GT              reduce using rule 57 (expression -> func_call .)
    GE              reduce using rule 57 (expression -> func_call .)
    BIT_AND         reduce using rule 57 (expression -> func_call .)
    BIT_OR          reduce using rule 57 (expression -> func_call .)
    BIT_XOR         reduce using rule 57 (expression -> func_call .)
    SHIFT_LEFT      reduce using rule 57 (expression -> func_call .)
    SHIFT_RIGHT     reduce using rule 57 (expression -> func_call .)
    SEMI            reduce using rule 57 (expression -> func_call .)
    COMMA           reduce using rule 57 (expression -> func_call .)
    RBRACKET        reduce using rule 57 (expression -> func_call .)
    RANGE           reduce using rule 57 (expression -> func_call .)


state 78

    (18) declaration -> type ID . SEMI
    (19) declaration -> type ID . ASSIGN expression SEMI
    (20) declaration -> type ID . LBRACKET expression RBRACKET SEMI

    SEMI            shift and go to state 133
    ASSIGN          shift and go to state 134
    LBRACKET        shift and go to state 135


state 79

    (90) assignment -> lvalue ASSIGN . expression SEMI
    (28) expression -> . expression PLUS expression
    (29) expression -> . expression MINUS expression
    (30) expression -> . expression TIMES expression
    (31) expression -> . expression DIVIDE expression
    (32) expression -> . expression MOD expression
    (33) expression -> . expression AND expression
    (34) expression -> . expression OR expression
    (35) expression -> . expression EQ expression
    (36) expression -> . expression NEQ expression
    (37) expression -> . expression LT expression
    (38) expression -> . expression LE expression
    (39) expression -> . expression GT expression
    (40) expression -> . expression GE expression
    (41) expression -> . expression BIT_AND expression
    (42) expression -> . expression BIT_OR expression
    (43) expression -> . expression BIT_XOR expression
    (44) expression -> . expression SHIFT_LEFT expression
    (45) expression -> . expression SHIFT_RIGHT expression
    (46) expression -> . MINUS expression
    (47) expression -> . NOT expression
    (48) expression -> . BIT_NOT expression
    (49) expression -> . INCREMENT expression
    (50) expression -> . DECREMENT expression
    (51) expression -> . LPAREN expression RPAREN
    (52) expression -> . INTEGER
    (53) expression -> . FLOAT
    (54) expression -> . ID
    (55) expression -> . ID LBRACKET expression RBRACKET
    (56) expression -> . ID DOT ID
    (57) expression -> . func_call
    (58) expression -> . STRING
    (59) expression -> . TRUE
    (60) expression -> . FALSE
    (70) func_call -> . ID LPAREN arg_list_opt RPAREN
    (71) func_call -> . ID DOT ID LPAREN arg_list_opt RPAREN

    MINUS           shift and go to state 22
    NOT             shift and go to state 23
    BIT_NOT         shift and go to state 24
    INCREMENT       shift and go to state 25
    DECREMENT       shift and go to state 26
    LPAREN          shift and go to state 19
    INTEGER         shift and go to state 27
    FLOAT           shift and go to state 28
    ID              shift and go to state 76
    STRING          shift and go to state 30
    TRUE            shift and go to state 31
    FALSE           shift and go to state 32

    expression                     shift and go to state 136
    func_call                      shift and go to state 77

state 80

    (46) expression -> MINUS expression .
    (28) expression -> expression . PLUS expression
    (29) expression -> expression . MINUS expression
    (30) expression -> expression . TIMES expression
    (31) expression -> expression . DIVIDE expression
    (32) expression -> expression . MOD expression
    (33) expression -> expression . AND expression
    (34) expression -> expression . OR expression
    (35) expression -> expression . EQ expression
    (36) expression -> expression . NEQ expression
    (37) expression -> expression . LT expression
    (38) expression -> expression . LE expression
    (39) expression -> expression . GT expression
    (40) expression -> expression . GE expression
    (41) expression -> expression . BIT_AND expression
    (42) expression -> expression . BIT_OR expression
    (43) expression -> expression . BIT_XOR expression
    (44) expression -> expression . SHIFT_LEFT expression
    (45) expression -> expression . SHIFT_RIGHT expression

    SEMI            reduce using rule 46 (expression -> MINUS expression .)
    PLUS            reduce using rule 46 (expression -> MINUS expression .)
    MINUS           reduce using rule 46 (expression -> MINUS expression .)
    AND             reduce using rule 46 (expression -> MINUS expression .)
    OR              reduce using rule 46 (expression -> MINUS expression .)
    EQ              reduce using rule 46 (expression -> MINUS expression .)
    NEQ             reduce using rule 46 (expression -> MINUS expression .)
    LT              reduce using rule 46 (expression -> MINUS expression .)
    LE              reduce using rule 46 (expression -> MINUS expression .)
    GT              reduce using rule 46 (expression -> MINUS expression .)
    GE              reduce using rule 46 (expression -> MINUS expression .)
    BIT_AND         reduce using rule 46 (expression -> MINUS expression .)
    BIT_OR          reduce using rule 46 (expression -> MINUS expression .)
    BIT_XOR         reduce using rule 46 (expression -> MINUS expression .)
    SHIFT_LEFT      reduce using rule 46 (expression -> MINUS expression .)
    SHIFT_RIGHT     reduce using rule 46 (expression -> MINUS expression .)
    RPAREN          reduce using rule 46 (expression -> MINUS expression .)
    COMMA           reduce using rule 46 (expression -> MINUS expression .)
    RBRACKET        reduce using rule 46 (expression -> MINUS expression .)
    RANGE           reduce using rule 46 (expression -> MINUS expression .)
    TIMES           shift and go to state 56
    DIVIDE          shift and go to state 57
    MOD             shift and go to state 58

  ! TIMES           [ reduce using rule 46 (expression -> MINUS expression .) ]
  ! DIVIDE          [ reduce using rule 46 (expression -> MINUS expression .) ]
  ! MOD             [ reduce using rule 46 (expression -> MINUS expression .) ]
  ! PLUS            [ shift and go to state 54 ]
  ! MINUS           [ shift and go to state 55 ]
  ! AND             [ shift and go to state 59 ]
  ! OR              [ shift and go to state 60 ]
  ! EQ              [ shift and go to state 61 ]
  ! NEQ             [ shift and go to state 62 ]
  ! LT              [ shift and go to state 63 ]
  ! LE              [ shift and go to state 64 ]
  ! GT              [ shift and go to state 65 ]
  ! GE              [ shift and go to state 66 ]
  ! BIT_AND         [ shift and go to state 67 ]
  ! BIT_OR          [ shift and go to state 68 ]
  ! BIT_XOR         [ shift and go to state 69 ]
  ! SHIFT_LEFT      [ shift and go to state 70 ]
  ! SHIFT_RIGHT     [ shift and go to state 71 ]


state 81

    (47) expression -> NOT expression .
    (28) expression -> expression . PLUS expression
    (29) expression -> expression . MINUS expression
    (30) expression -> expression . TIMES expression
    (31) expression -> expression . DIVIDE expression
    (32) expression -> expression . MOD expression
    (33) expression -> expression . AND expression
    (34) expression -> expression . OR expression
    (35) expression -> expression . EQ expression
    (36) expression -> expression . NEQ expression
    (37) expression -> expression . LT expression
    (38) expression -> expression . LE expression
    (39) expression -> expression . GT expression
    (40) expression -> expression . GE expression
    (41) expression -> expression . BIT_AND expression
    (42) expression -> expression . BIT_OR expression
    (43) expression -> expression . BIT_XOR expression
    (44) expression -> expression . SHIFT_LEFT expression
    (45) expression -> expression . SHIFT_RIGHT expression

    SEMI            reduce using rule 47 (expression -> NOT expression .)
    PLUS            reduce using rule 47 (expression -> NOT expression .)
    MINUS           reduce using rule 47 (expression -> NOT expression .)
    TIMES           reduce using rule 47 (expression -> NOT expression .)
    DIVIDE          reduce using rule 47 (expression -> NOT expression .)
    MOD             reduce using rule 47 (expression -> NOT expression .)
    AND             reduce using rule 47 (expression -> NOT expression .)
    OR              reduce using rule 47 (expression -> NOT expression .)
    EQ              reduce using rule 47 (expression -> NOT expression .)
    NEQ             reduce using rule 47 (expression -> NOT expression .)
    LT              reduce using rule 47 (expression -> NOT expression .)
    LE              reduce using rule 47 (expression -> NOT expression .)
    GT              reduce using rule 47 (expression -> NOT expression .)
    GE              reduce using rule 47 (expression -> NOT expression .)
    BIT_AND         reduce using rule 47 (expression -> NOT expression .)
    BIT_OR          reduce using rule 47 (expression -> NOT expression .)
    BIT_XOR         reduce using rule 47 (expression -> NOT expression .)
    SHIFT_LEFT      reduce using rule 47 (expression -> NOT expression .)
    SHIFT_RIGHT     reduce using rule 47 (expression -> NOT expression .)
    RPAREN          reduce using rule 47 (expression -> NOT expression .)
    COMMA           reduce using rule 47 (expression -> NOT expression .)
    RBRACKET        reduce using rule 47 (expression -> NOT expression .)
    RANGE           reduce using rule 47 (expression -> NOT expression .)

  ! PLUS            [ shift and go to state 54 ]
  ! MINUS           [ shift and go to state 55 ]
  ! TIMES           [ shift and go to state 56 ]
  ! DIVIDE          [ shift and go to state 57 ]
  ! MOD             [ shift and go to state 58 ]
  ! AND             [ shift and go to state 59 ]
  ! OR              [ shift and go to state 60 ]
  ! EQ              [ shift and go to state 61 ]
  ! NEQ             [ shift and go to state 62 ]
  ! LT              [ shift and go to state 63 ]
  ! LE              [ shift and go to state 64 ]
  ! GT              [ shift and go to state 65 ]
  ! GE              [ shift and go to state 66 ]
  ! BIT_AND         [ shift and go to state 67 ]
  ! BIT_OR          [ shift and go to state 68 ]
  ! BIT_XOR         [ shift and go to state 69 ]
  ! SHIFT_LEFT      [ shift and go to state 70 ]
  ! SHIFT_RIGHT     [ shift and go to state 71 ]


state 82

    (48) expression -> BIT_NOT expression .
    (28) expression -> expression . PLUS expression
    (29) expression -> expression . MINUS expression
    (30) expression -> expression . TIMES expression
    (31) expression -> expression . DIVIDE expression
    (32) expression -> expression . MOD expression
    (33) expression -> expression . AND expression
    (34) expression -> expression . OR expression
    (35) expression -> expression . EQ expression
    (36) expression -> expression . NEQ expression
    (37) expression -> expression . LT expression
    (38) expression -> expression . LE expression
    (39) expression -> expression . GT expression
    (40) expression -> expression . GE expression
    (41) expression -> expression . BIT_AND expression
    (42) expression -> expression . BIT_OR expression
    (43) expression -> expression . BIT_XOR expression
    (44) expression -> expression . SHIFT_LEFT expression
    (45) expression -> expression . SHIFT_RIGHT expression

    SEMI            reduce using rule 48 (expression -> BIT_NOT expression .)
    PLUS            reduce using rule 48 (expression -> BIT_NOT expression .)
    MINUS           reduce using rule 48 (expression -> BIT_NOT expression .)
    TIMES           reduce using rule 48 (expression -> BIT_NOT expression .)
    DIVIDE          reduce using rule 48 (expression -> BIT_NOT expression .)
    MOD             reduce using rule 48 (expression -> BIT_NOT expression .)
    AND             reduce using rule 48 (expression -> BIT_NOT expression .)
    OR              reduce using rule 48 (expression -> BIT_NOT expression .)
    EQ              reduce using rule 48 (expression -> BIT_NOT expression .)
    NEQ             reduce using rule 48 (expression -> BIT_NOT expression .)
    LT              reduce using rule 48 (expression -> BIT_NOT expression .)
    LE              reduce using rule 48 (expression -> BIT_NOT expression .)
    GT              reduce using rule 48 (expression -> BIT_NOT expression .)
    GE              reduce using rule 48 (expression -> BIT_NOT expression .)
    BIT_AND         reduce using rule 48 (expression -> BIT_NOT expression .)
    BIT_OR          reduce using rule 48 (expression -> BIT_NOT expression .)
    BIT_XOR         reduce using rule 48 (expression -> BIT_NOT expression .)
    SHIFT_LEFT      reduce using rule 48 (expression -> BIT_NOT expression .)
    SHIFT_RIGHT     reduce using rule 48 (expression -> BIT_NOT expression .)
    RPAREN          reduce using rule 48 (expression -> BIT_NOT expression .)
    COMMA           reduce using rule 48 (expression -> BIT_NOT expression .)
    RBRACKET        reduce using rule 48 (expression -> BIT_NOT expression .)
    RANGE           reduce using rule 48 (expression -> BIT_NOT expression .)

  ! PLUS            [ shift and go to state 54 ]
  ! MINUS           [ shift and go to state 55 ]
  ! TIMES           [ shift and go to state 56 ]
  ! DIVIDE          [ shift and go to state 57 ]
  ! MOD             [ shift and go to state 58 ]
  ! AND             [ shift and go to state 59 ]
  ! OR              [ shift and go to state 60 ]
  ! EQ              [ shift and go to state 61 ]
  ! NEQ             [ shift and go to state 62 ]
  ! LT              [ shift and go to state 63 ]
  ! LE              [ shift and go to state 64 ]
  ! GT              [ shift and go to state 65 ]
  ! GE              [ shift and go to state 66 ]
  ! BIT_AND         [ shift and go to state 67 ]
  ! BIT_OR          [ shift and go to state 68 ]
  ! BIT_XOR         [ shift and go to state 69 ]
  ! SHIFT_LEFT      [ shift and go to state 70 ]
  ! SHIFT_RIGHT     [ shift and go to state 71 ]


state 83

    (49) expression -> INCREMENT expression .
    (28) expression -> expression . PLUS expression
    (29) expression -> expression . MINUS expression
    (30) expression -> expression . TIMES expression
    (31) expression -> expression . DIVIDE expression
    (32) expression -> expression . MOD expression
    (33) expression -> expression . AND expression
    (34) expression -> expression . OR expression
    (35) expression -> expression . EQ expression
    (36) expression -> expression . NEQ expression
    (37) expression -> expression . LT expression
    (38) expression -> expression . LE expression
    (39) expression -> expression . GT expression
    (40) expression -> expression . GE expression
    (41) expression -> expression . BIT_AND expression
    (42) expression -> expression . BIT_OR expression
    (43) expression -> expression . BIT_XOR expression
    (44) expression -> expression . SHIFT_LEFT expression
    (45) expression -> expression . SHIFT_RIGHT expression

    SEMI            reduce using rule 49 (expression -> INCREMENT expression .)
    PLUS            reduce using rule 49 (expression -> INCREMENT expression .)
    MINUS           reduce using rule 49 (expression -> INCREMENT expression .)
    TIMES           reduce using rule 49 (expression -> INCREMENT expression .)
    DIVIDE          reduce using rule 49 (expression -> INCREMENT expression .)
    MOD             reduce using rule 49 (expression -> INCREMENT expression .)
    AND             reduce using rule 49 (expression -> INCREMENT expression .)
    OR              reduce using rule 49 (expression -> INCREMENT expression .)
    EQ              reduce using rule 49 (expression -> INCREMENT expression .)
    NEQ             reduce using rule 49 (expression -> INCREMENT expression .)
    LT              reduce using rule 49 (expression -> INCREMENT expression .)
    LE              reduce using rule 49 (expression -> INCREMENT expression .)
    GT              reduce using rule 49 (expression -> INCREMENT expression .)
    GE              reduce using rule 49 (expression -> INCREMENT expression .)
    BIT_AND         reduce using rule 49 (expression -> INCREMENT expression .)
    BIT_OR          reduce using rule 49 (expression -> INCREMENT expression .)
    BIT_XOR         reduce using rule 49 (expression -> INCREMENT expression .)
    SHIFT_LEFT      reduce using rule 49 (expression -> INCREMENT expression .)
    SHIFT_RIGHT     reduce using rule 49 (expression -> INCREMENT expression .)
    RPAREN          reduce using rule 49 (expression -> INCREMENT expression .)
    COMMA           reduce using rule 49 (expression -> INCREMENT expression .)
    RBRACKET        reduce using rule 49 (expression -> INCREMENT expression .)
    RANGE           reduce using rule 49 (expression -> INCREMENT expression .)

  ! PLUS            [ shift and go to state 54 ]
  ! MINUS           [ shift and go to state 55 ]
  ! TIMES           [ shift and go to state 56 ]
  ! DIVIDE          [ shift and go to state 57 ]
  ! MOD             [ shift and go to state 58 ]
  ! AND             [ shift and go to state 59 ]
  ! OR              [ shift and go to state 60 ]
  ! EQ              [ shift and go to state 61 ]
  ! NEQ             [ shift and go to state 62 ]
  ! LT              [ shift and go to state 63 ]
  ! LE              [ shift and go to state 64 ]
  ! GT              [ shift and go to state 65 ]
  ! GE              [ shift and go to state 66 ]
  ! BIT_AND         [ shift and go to state 67 ]
  ! BIT_OR          [ shift and go to state 68 ]
  ! BIT_XOR         [ shift and go to state 69 ]
  ! SHIFT_LEFT      [ shift and go to state 70 ]
  ! SHIFT_RIGHT     [ shift and go to state 71 ]


state 84

    (50) expression -> DECREMENT expression .
    (28) expression -> expression . PLUS expression
    (29) expression -> expression . MINUS expression
    (30) expression -> expression . TIMES expression
    (31) expression -> expression . DIVIDE expression
    (32) expression -> expression . MOD expression
    (33) expression -> expression . AND expression
    (34) expression -> expression . OR expression
    (35) expression -> expression . EQ expression
    (36) expression -> expression . NEQ expression
    (37) expression -> expression . LT expression
    (38) expression -> expression . LE expression
    (39) expression -> expression . GT expression
    (40) expression -> expression . GE expression
    (41) expression -> expression . BIT_AND expression
    (42) expression -> expression . BIT_OR expression
    (43) expression -> expression . BIT_XOR expression
    (44) expression -> expression . SHIFT_LEFT expression
    (45) expression -> expression . SHIFT_RIGHT expression

    SEMI            reduce using rule 50 (expression -> DECREMENT expression .)
    PLUS            reduce using rule 50 (expression -> DECREMENT expression .)
    MINUS           reduce using rule 50 (expression -> DECREMENT expression .)
    TIMES           reduce using rule 50 (expression -> DECREMENT expression .)
    DIVIDE          reduce using rule 50 (expression -> DECREMENT expression .)
    MOD             reduce using rule 50 (expression -> DECREMENT expression .)
    AND             reduce using rule 50 (expression -> DECREMENT expression .)
    OR              reduce using rule 50 (expression -> DECREMENT expression .)
    EQ              reduce using rule 50 (expression -> DECREMENT expression .)
    NEQ             reduce using rule 50 (expression -> DECREMENT expression .)
    LT              reduce using rule 50 (expression -> DECREMENT expression .)
    LE              reduce using rule 50 (expression -> DECREMENT expression .)
    GT              reduce using rule 50 (expression -> DECREMENT expression .)
    GE              reduce using rule 50 (expression -> DECREMENT expression .)
    BIT_AND         reduce using rule 50 (expression -> DECREMENT expression .)
    BIT_OR          reduce using rule 50 (expression -> DECREMENT expression .)
    BIT_XOR         reduce using rule 50 (expression -> DECREMENT expression .)
    SHIFT_LEFT      reduce using rule 50 (expression -> DECREMENT expression .)
    SHIFT_RIGHT     reduce using rule 50 (expression -> DECREMENT expression .)
    RPAREN          reduce using rule 50 (expression -> DECREMENT expression .)
    COMMA           reduce using rule 50 (expression -> DECREMENT expression .)
    RBRACKET        reduce using rule 50 (expression -> DECREMENT expression .)
    RANGE           reduce using rule 50 (expression -> DECREMENT expression .)

  ! PLUS            [ shift and go to state 54 ]
  ! MINUS           [ shift and go to state 55 ]
  ! TIMES           [ shift and go to state 56 ]
  ! DIVIDE          [ shift and go to state 57 ]
  ! MOD             [ shift and go to state 58 ]
  ! AND             [ shift and go to state 59 ]
  ! OR              [ shift and go to state 60 ]
  ! EQ              [ shift and go to state 61 ]
  ! NEQ             [ shift and go to state 62 ]
  ! LT              [ shift and go to state 63 ]
  ! LE              [ shift and go to state 64 ]
  ! GT              [ shift and go to state 65 ]
  ! GE              [ shift and go to state 66 ]
  ! BIT_AND         [ shift and go to state 67 ]
  ! BIT_OR          [ shift and go to state 68 ]
  ! BIT_XOR         [ shift and go to state 69 ]
  ! SHIFT_LEFT      [ shift and go to state 70 ]
  ! SHIFT_RIGHT     [ shift and go to state 71 ]


state 85

    (69) func_call_stmt -> func_call SEMI .

    ID              reduce using rule 69 (func_call_stmt -> func_call SEMI .)
    MINUS           reduce using rule 69 (func_call_stmt -> func_call SEMI .)
    NOT             reduce using rule 69 (func_call_stmt -> func_call SEMI .)
    BIT_NOT         reduce using rule 69 (func_call_stmt -> func_call SEMI .)
    INCREMENT       reduce using rule 69 (func_call_stmt -> func_call SEMI .)
    DECREMENT       reduce using rule 69 (func_call_stmt -> func_call SEMI .)
    LPAREN          reduce using rule 69 (func_call_stmt -> func_call SEMI .)
    INTEGER         reduce using rule 69 (func_call_stmt -> func_call SEMI .)
    FLOAT           reduce using rule 69 (func_call_stmt -> func_call SEMI .)
    STRING          reduce using rule 69 (func_call_stmt -> func_call SEMI .)
    TRUE            reduce using rule 69 (func_call_stmt -> func_call SEMI .)
    FALSE           reduce using rule 69 (func_call_stmt -> func_call SEMI .)
    IF              reduce using rule 69 (func_call_stmt -> func_call SEMI .)
    WHILE           reduce using rule 69 (func_call_stmt -> func_call SEMI .)
    OUTPUT          reduce using rule 69 (func_call_stmt -> func_call SEMI .)
    INPUT           reduce using rule 69 (func_call_stmt -> func_call SEMI .)
    RETURN          reduce using rule 69 (func_call_stmt -> func_call SEMI .)
    BREAK           reduce using rule 69 (func_call_stmt -> func_call SEMI .)
    CONTINUE        reduce using rule 69 (func_call_stmt -> func_call SEMI .)
    INT_TYPE        reduce using rule 69 (func_call_stmt -> func_call SEMI .)
    FLOAT_TYPE      reduce using rule 69 (func_call_stmt -> func_call SEMI .)
    STRING_TYPE     reduce using rule 69 (func_call_stmt -> func_call SEMI .)
    BOOL_TYPE       reduce using rule 69 (func_call_stmt -> func_call SEMI .)
    CHAR_TYPE       reduce using rule 69 (func_call_stmt -> func_call SEMI .)
    VOID_TYPE       reduce using rule 69 (func_call_stmt -> func_call SEMI .)
    FOR             reduce using rule 69 (func_call_stmt -> func_call SEMI .)
    FUNC            reduce using rule 69 (func_call_stmt -> func_call SEMI .)
    ADT             reduce using rule 69 (func_call_stmt -> func_call SEMI .)
    $end            reduce using rule 69 (func_call_stmt -> func_call SEMI .)
    ENDFOR          reduce using rule 69 (func_call_stmt -> func_call SEMI .)
    ENDFUNC         reduce using rule 69 (func_call_stmt -> func_call SEMI .)
    ENDIF           reduce using rule 69 (func_call_stmt -> func_call SEMI .)
    ELSE            reduce using rule 69 (func_call_stmt -> func_call SEMI .)
    ENDWHILE        reduce using rule 69 (func_call_stmt -> func_call SEMI .)


state 86

    (98) if_stmt -> IF LPAREN . expression RPAREN COLON statements ENDIF
    (99) if_stmt -> IF LPAREN . expression RPAREN COLON statements ELSE COLON statements ENDIF
    (28) expression -> . expression PLUS expression
    (29) expression -> . expression MINUS expression
    (30) expression -> . expression TIMES expression
    (31) expression -> . expression DIVIDE expression
    (32) expression -> . expression MOD expression
    (33) expression -> . expression AND expression
    (34) expression -> . expression OR expression
    (35) expression -> . expression EQ expression
    (36) expression -> . expression NEQ expression
    (37) expression -> . expression LT expression
    (38) expression -> . expression LE expression
    (39) expression -> . expression GT expression
    (40) expression -> . expression GE expression
    (41) expression -> . expression BIT_AND expression
    (42) expression -> . expression BIT_OR expression
    (43) expression -> . expression BIT_XOR expression
    (44) expression -> . expression SHIFT_LEFT expression
    (45) expression -> . expression SHIFT_RIGHT expression
    (46) expression -> . MINUS expression
    (47) expression -> . NOT expression
    (48) expression -> . BIT_NOT expression
    (49) expression -> . INCREMENT expression
    (50) expression -> . DECREMENT expression
    (51) expression -> . LPAREN expression RPAREN
    (52) expression -> . INTEGER
    (53) expression -> . FLOAT
    (54) expression -> . ID
    (55) expression -> . ID LBRACKET expression RBRACKET
    (56) expression -> . ID DOT ID
    (57) expression -> . func_call
    (58) expression -> . STRING
    (59) expression -> . TRUE
    (60) expression -> . FALSE
    (70) func_call -> . ID LPAREN arg_list_opt RPAREN
    (71) func_call -> . ID DOT ID LPAREN arg_list_opt RPAREN

    MINUS           shift and go to state 22
    NOT             shift and go to state 23
    BIT_NOT         shift and go to state 24
    INCREMENT       shift and go to state 25
    DECREMENT       shift and go to state 26
    LPAREN          shift and go to state 19
    INTEGER         shift and go to state 27
    FLOAT           shift and go to state 28
    ID              shift and go to state 76
    STRING          shift and go to state 30
    TRUE            shift and go to state 31
    FALSE           shift and go to state 32

    expression                     shift and go to state 137
    func_call                      shift and go to state 77

state 87

    (100) while_stmt -> WHILE LPAREN . expression RPAREN COLON statements ENDWHILE
    (28) expression -> . expression PLUS expression
    (29) expression -> . expression MINUS expression
    (30) expression -> . expression TIMES expression
    (31) expression -> . expression DIVIDE expression
    (32) expression -> . expression MOD expression
    (33) expression -> . expression AND expression
    (34) expression -> . expression OR expression
    (35) expression -> . expression EQ expression
    (36) expression -> . expression NEQ expression
    (37) expression -> . expression LT expression
    (38) expression -> . expression LE expression
    (39) expression -> . expression GT expression
    (40) expression -> . expression GE expression
    (41) expression -> . expression BIT_AND expression
    (42) expression -> . expression BIT_OR expression
    (43) expression -> . expression BIT_XOR expression
    (44) expression -> . expression SHIFT_LEFT expression
    (45) expression -> . expression SHIFT_RIGHT expression
    (46) expression -> . MINUS expression
    (47) expression -> . NOT expression
    (48) expression -> . BIT_NOT expression
    (49) expression -> . INCREMENT expression
    (50) expression -> . DECREMENT expression
    (51) expression -> . LPAREN expression RPAREN
    (52) expression -> . INTEGER
    (53) expression -> . FLOAT
    (54) expression -> . ID
    (55) expression -> . ID LBRACKET expression RBRACKET
    (56) expression -> . ID DOT ID
    (57) expression -> . func_call
    (58) expression -> . STRING
    (59) expression -> . TRUE
    (60) expression -> . FALSE
    (70) func_call -> . ID LPAREN arg_list_opt RPAREN
    (71) func_call -> . ID DOT ID LPAREN arg_list_opt RPAREN

    MINUS           shift and go to state 22
    NOT             shift and go to state 23
    BIT_NOT         shift and go to state 24
    INCREMENT       shift and go to state 25
    DECREMENT       shift and go to state 26
    LPAREN          shift and go to state 19
    INTEGER         shift and go to state 27
    FLOAT           shift and go to state 28
    ID              shift and go to state 76
    STRING          shift and go to state 30
    TRUE            shift and go to state 31
    FALSE           shift and go to state 32

    expression                     shift and go to state 138
    func_call                      shift and go to state 77

state 88

    (94) for_stmt -> for_header statements . ENDFOR

    ENDFOR          shift and go to state 139


state 89

    (101) output_stmt -> OUTPUT expression . SEMI
    (28) expression -> expression . PLUS expression
    (29) expression -> expression . MINUS expression
    (30) expression -> expression . TIMES expression
    (31) expression -> expression . DIVIDE expression
    (32) expression -> expression . MOD expression
    (33) expression -> expression . AND expression
    (34) expression -> expression . OR expression
    (35) expression -> expression . EQ expression
    (36) expression -> expression . NEQ expression
    (37) expression -> expression . LT expression
    (38) expression -> expression . LE expression
    (39) expression -> expression . GT expression
    (40) expression -> expression . GE expression
    (41) expression -> expression . BIT_AND expression
    (42) expression -> expression . BIT_OR expression
    (43) expression -> expression . BIT_XOR expression
    (44) expression -> expression . SHIFT_LEFT expression
    (45) expression -> expression . SHIFT_RIGHT expression

    SEMI            shift and go to state 140
    PLUS            shift and go to state 54
    MINUS           shift and go to state 55
    TIMES           shift and go to state 56
    DIVIDE          shift and go to state 57
    MOD             shift and go to state 58
    AND             shift and go to state 59
    OR              shift and go to state 60
    EQ              shift and go to state 61
    NEQ             shift and go to state 62
    LT              shift and go to state 63
    LE              shift and go to state 64
    GT              shift and go to state 65
    GE              shift and go to state 66
    BIT_AND         shift and go to state 67
    BIT_OR          shift and go to state 68
    BIT_XOR         shift and go to state 69
    SHIFT_LEFT      shift and go to state 70
    SHIFT_RIGHT     shift and go to state 71


state 90

    (103) input_stmt -> INPUT ID . SEMI

    SEMI            shift and go to state 141


state 91

    (72) func_decl -> func_start statements . ENDFUNC

    ENDFUNC         shift and go to state 142


state 92

    (67) return_stmt -> RETURN expression . SEMI
    (28) expression -> expression . PLUS expression
    (29) expression -> expression . MINUS expression
    (30) expression -> expression . TIMES expression
    (31) expression -> expression . DIVIDE expression
    (32) expression -> expression . MOD expression
    (33) expression -> expression . AND expression
    (34) expression -> expression . OR expression
    (35) expression -> expression . EQ expression
    (36) expression -> expression . NEQ expression
    (37) expression -> expression . LT expression
    (38) expression -> expression . LE expression
    (39) expression -> expression . GT expression
    (40) expression -> expression . GE expression
    (41) expression -> expression . BIT_AND expression
    (42) expression -> expression . BIT_OR expression
    (43) expression -> expression . BIT_XOR expression
    (44) expression -> expression . SHIFT_LEFT expression
    (45) expression -> expression . SHIFT_RIGHT expression

    SEMI            shift and go to state 143
    PLUS            shift and go to state 54
    MINUS           shift and go to state 55
    TIMES           shift and go to state 56
    DIVIDE          shift and go to state 57
    MOD             shift and go to state 58
    AND             shift and go to state 59
    OR              shift and go to state 60
    EQ              shift and go to state 61
    NEQ             shift and go to state 62
    LT              shift and go to state 63
    LE              shift and go to state 64
    GT              shift and go to state 65
    GE              shift and go to state 66
    BIT_AND         shift and go to state 67
    BIT_OR          shift and go to state 68
    BIT_XOR         shift and go to state 69
    SHIFT_LEFT      shift and go to state 70
    SHIFT_RIGHT     shift and go to state 71


state 93

    (68) return_stmt -> RETURN SEMI .

    ID              reduce using rule 68 (return_stmt -> RETURN SEMI .)
    MINUS           reduce using rule 68 (return_stmt -> RETURN SEMI .)
    NOT             reduce using rule 68 (return_stmt -> RETURN SEMI .)
    BIT_NOT         reduce using rule 68 (return_stmt -> RETURN SEMI .)
    INCREMENT       reduce using rule 68 (return_stmt -> RETURN SEMI .)
    DECREMENT       reduce using rule 68 (return_stmt -> RETURN SEMI .)
    LPAREN          reduce using rule 68 (return_stmt -> RETURN SEMI .)
    INTEGER         reduce using rule 68 (return_stmt -> RETURN SEMI .)
    FLOAT           reduce using rule 68 (return_stmt -> RETURN SEMI .)
    STRING          reduce using rule 68 (return_stmt -> RETURN SEMI .)
    TRUE            reduce using rule 68 (return_stmt -> RETURN SEMI .)
    FALSE           reduce using rule 68 (return_stmt -> RETURN SEMI .)
    IF              reduce using rule 68 (return_stmt -> RETURN SEMI .)
    WHILE           reduce using rule 68 (return_stmt -> RETURN SEMI .)
    OUTPUT          reduce using rule 68 (return_stmt -> RETURN SEMI .)
    INPUT           reduce using rule 68 (return_stmt -> RETURN SEMI .)
    RETURN          reduce using rule 68 (return_stmt -> RETURN SEMI .)
    BREAK           reduce using rule 68 (return_stmt -> RETURN SEMI .)
    CONTINUE        reduce using rule 68 (return_stmt -> RETURN SEMI .)
    INT_TYPE        reduce using rule 68 (return_stmt -> RETURN SEMI .)
    FLOAT_TYPE      reduce using rule 68 (return_stmt -> RETURN SEMI .)
    STRING_TYPE     reduce using rule 68 (return_stmt -> RETURN SEMI .)
    BOOL_TYPE       reduce using rule 68 (return_stmt -> RETURN SEMI .)
    CHAR_TYPE       reduce using rule 68 (return_stmt -> RETURN SEMI .)
    VOID_TYPE       reduce using rule 68 (return_stmt -> RETURN SEMI .)
    FOR             reduce using rule 68 (return_stmt -> RETURN SEMI .)
    FUNC            reduce using rule 68 (return_stmt -> RETURN SEMI .)
    ADT             reduce using rule 68 (return_stmt -> RETURN SEMI .)
    $end            reduce using rule 68 (return_stmt -> RETURN SEMI .)
    ENDFOR          reduce using rule 68 (return_stmt -> RETURN SEMI .)
    ENDFUNC         reduce using rule 68 (return_stmt -> RETURN SEMI .)
    ENDIF           reduce using rule 68 (return_stmt -> RETURN SEMI .)
    ELSE            reduce using rule 68 (return_stmt -> RETURN SEMI .)
    ENDWHILE        reduce using rule 68 (return_stmt -> RETURN SEMI .)


state 94

    (96) break_stmt -> BREAK SEMI .

    ID              reduce using rule 96 (break_stmt -> BREAK SEMI .)
    MINUS           reduce using rule 96 (break_stmt -> BREAK SEMI .)
    NOT             reduce using rule 96 (break_stmt -> BREAK SEMI .)
    BIT_NOT         reduce using rule 96 (break_stmt -> BREAK SEMI .)
    INCREMENT       reduce using rule 96 (break_stmt -> BREAK SEMI .)
    DECREMENT       reduce using rule 96 (break_stmt -> BREAK SEMI .)
    LPAREN          reduce using rule 96 (break_stmt -> BREAK SEMI .)
    INTEGER         reduce using rule 96 (break_stmt -> BREAK SEMI .)
    FLOAT           reduce using rule 96 (break_stmt -> BREAK SEMI .)
    STRING          reduce using rule 96 (break_stmt -> BREAK SEMI .)
    TRUE            reduce using rule 96 (break_stmt -> BREAK SEMI .)
    FALSE           reduce using rule 96 (break_stmt -> BREAK SEMI .)
    IF              reduce using rule 96 (break_stmt -> BREAK SEMI .)
    WHILE           reduce using rule 96 (break_stmt -> BREAK SEMI .)
    OUTPUT          reduce using rule 96 (break_stmt -> BREAK SEMI .)
    INPUT           reduce using rule 96 (break_stmt -> BREAK SEMI .)
    RETURN          reduce using rule 96 (break_stmt -> BREAK SEMI .)
    BREAK           reduce using rule 96 (break_stmt -> BREAK SEMI .)
    CONTINUE        reduce using rule 96 (break_stmt -> BREAK SEMI .)
    INT_TYPE        reduce using rule 96 (break_stmt -> BREAK SEMI .)
    FLOAT_TYPE      reduce using rule 96 (break_stmt -> BREAK SEMI .)
    STRING_TYPE     reduce using rule 96 (break_stmt -> BREAK SEMI .)
    BOOL_TYPE       reduce using rule 96 (break_stmt -> BREAK SEMI .)
    CHAR_TYPE       reduce using rule 96 (break_stmt -> BREAK SEMI .)
    VOID_TYPE       reduce using rule 96 (break_stmt -> BREAK SEMI .)
    FOR             reduce using rule 96 (break_stmt -> BREAK SEMI .)
    FUNC            reduce using rule 96 (break_stmt -> BREAK SEMI .)
    ADT             reduce using rule 96 (break_stmt -> BREAK SEMI .)
    $end            reduce using rule 96 (break_stmt -> BREAK SEMI .)
    ENDFOR          reduce using rule 96 (break_stmt -> BREAK SEMI .)
    ENDFUNC         reduce using rule 96 (break_stmt -> BREAK SEMI .)
    ENDIF           reduce using rule 96 (break_stmt -> BREAK SEMI .)
    ELSE            reduce using rule 96 (break_stmt -> BREAK SEMI .)
    ENDWHILE        reduce using rule 96 (break_stmt -> BREAK SEMI .)


state 95

    (97) continue_stmt -> CONTINUE SEMI .

    ID              reduce using rule 97 (continue_stmt -> CONTINUE SEMI .)
    MINUS           reduce using rule 97 (continue_stmt -> CONTINUE SEMI .)
    NOT             reduce using rule 97 (continue_stmt -> CONTINUE SEMI .)
    BIT_NOT         reduce using rule 97 (continue_stmt -> CONTINUE SEMI .)
    INCREMENT       reduce using rule 97 (continue_stmt -> CONTINUE SEMI .)
    DECREMENT       reduce using rule 97 (continue_stmt -> CONTINUE SEMI .)
    LPAREN          reduce using rule 97 (continue_stmt -> CONTINUE SEMI .)
    INTEGER         reduce using rule 97 (continue_stmt -> CONTINUE SEMI .)
    FLOAT           reduce using rule 97 (continue_stmt -> CONTINUE SEMI .)
    STRING          reduce using rule 97 (continue_stmt -> CONTINUE SEMI .)
    TRUE            reduce using rule 97 (continue_stmt -> CONTINUE SEMI .)
    FALSE           reduce using rule 97 (continue_stmt -> CONTINUE SEMI .)
    IF              reduce using rule 97 (continue_stmt -> CONTINUE SEMI .)
    WHILE           reduce using rule 97 (continue_stmt -> CONTINUE SEMI .)
    OUTPUT          reduce using rule 97 (continue_stmt -> CONTINUE SEMI .)
    INPUT           reduce using rule 97 (continue_stmt -> CONTINUE SEMI .)
    RETURN          reduce using rule 97 (continue_stmt -> CONTINUE SEMI .)
    BREAK           reduce using rule 97 (continue_stmt -> CONTINUE SEMI .)
    CONTINUE        reduce using rule 97 (continue_stmt -> CONTINUE SEMI .)
    INT_TYPE        reduce using rule 97 (continue_stmt -> CONTINUE SEMI .)
    FLOAT_TYPE      reduce using rule 97 (continue_stmt -> CONTINUE SEMI .)
    STRING_TYPE     reduce using rule 97 (continue_stmt -> CONTINUE SEMI .)
    BOOL_TYPE       reduce using rule 97 (continue_stmt -> CONTINUE SEMI .)
    CHAR_TYPE       reduce using rule 97 (continue_stmt -> CONTINUE SEMI .)
    VOID_TYPE       reduce using rule 97 (continue_stmt -> CONTINUE SEMI .)
    FOR             reduce using rule 97 (continue_stmt -> CONTINUE SEMI .)
    FUNC            reduce using rule 97 (continue_stmt -> CONTINUE SEMI .)
    ADT             reduce using rule 97 (continue_stmt -> CONTINUE SEMI .)
    $end            reduce using rule 97 (continue_stmt -> CONTINUE SEMI .)
    ENDFOR          reduce using rule 97 (continue_stmt -> CONTINUE SEMI .)
    ENDFUNC         reduce using rule 97 (continue_stmt -> CONTINUE SEMI .)
    ENDIF           reduce using rule 97 (continue_stmt -> CONTINUE SEMI .)
    ELSE            reduce using rule 97 (continue_stmt -> CONTINUE SEMI .)
    ENDWHILE        reduce using rule 97 (continue_stmt -> CONTINUE SEMI .)


state 96

    (81) adt_decl -> adt_head adt_body . ENDADT

    ENDADT          shift and go to state 144


state 97

    (82) adt_body -> visibility_block . adt_body
    (83) adt_body -> visibility_block .
    (82) adt_body -> . visibility_block adt_body
    (83) adt_body -> . visibility_block
    (84) visibility_block -> . PRIVATE COLON member_list
    (85) visibility_block -> . PUBLIC COLON member_list

    ENDADT          reduce using rule 83 (adt_body -> visibility_block .)
    PRIVATE         shift and go to state 98
    PUBLIC          shift and go to state 99

    visibility_block               shift and go to state 97
    adt_body                       shift and go to state 145

state 98

    (84) visibility_block -> PRIVATE . COLON member_list

    COLON           shift and go to state 146


state 99

    (85) visibility_block -> PUBLIC . COLON member_list

    COLON           shift and go to state 147


state 100

    (95) for_header -> FOR LPAREN . ID IN expression RANGE expression RPAREN COLON

    ID              shift and go to state 148


state 101

    (73) func_start -> FUNC ID . LPAREN param_list_opt RPAREN COLON

    LPAREN          shift and go to state 149


state 102

    (80) adt_head -> ADT ID . LPAREN param_list_opt RPAREN COLON

    LPAREN          shift and go to state 150


state 103

    (28) expression -> expression PLUS expression .
    (28) expression -> expression . PLUS expression
    (29) expression -> expression . MINUS expression
    (30) expression -> expression . TIMES expression
    (31) expression -> expression . DIVIDE expression
    (32) expression -> expression . MOD expression
    (33) expression -> expression . AND expression
    (34) expression -> expression . OR expression
    (35) expression -> expression . EQ expression
    (36) expression -> expression . NEQ expression
    (37) expression -> expression . LT expression
    (38) expression -> expression . LE expression
    (39) expression -> expression . GT expression
    (40) expression -> expression . GE expression
    (41) expression -> expression . BIT_AND expression
    (42) expression -> expression . BIT_OR expression
    (43) expression -> expression . BIT_XOR expression
    (44) expression -> expression . SHIFT_LEFT expression
    (45) expression -> expression . SHIFT_RIGHT expression

    SEMI            reduce using rule 28 (expression -> expression PLUS expression .)
    PLUS            reduce using rule 28 (expression -> expression PLUS expression .)
    MINUS           reduce using rule 28 (expression -> expression PLUS expression .)
    AND             reduce using rule 28 (expression -> expression PLUS expression .)
    OR              reduce using rule 28 (expression -> expression PLUS expression .)
    EQ              reduce using rule 28 (expression -> expression PLUS expression .)
    NEQ             reduce using rule 28 (expression -> expression PLUS expression .)
    LT              reduce using rule 28 (expression -> expression PLUS expression .)
    LE              reduce using rule 28 (expression -> expression PLUS expression .)
    GT              reduce using rule 28 (expression -> expression PLUS expression .)
    GE              reduce using rule 28 (expression -> expression PLUS expression .)
    BIT_AND         reduce using rule 28 (expression -> expression PLUS expression .)
    BIT_OR          reduce using rule 28 (expression -> expression PLUS expression .)
    BIT_XOR         reduce using rule 28 (expression -> expression PLUS expression .)
    SHIFT_LEFT      reduce using rule 28 (expression -> expression PLUS expression .)
    SHIFT_RIGHT     reduce using rule 28 (expression -> expression PLUS expression .)
    RPAREN          reduce using rule 28 (expression -> expression PLUS expression .)
    COMMA           reduce using rule 28 (expression -> expression PLUS expression .)
    RBRACKET        reduce using rule 28 (expression -> expression PLUS expression .)
    RANGE           reduce using rule 28 (expression -> expression PLUS expression .)
    TIMES           shift and go to state 56
    DIVIDE          shift and go to state 57
    MOD             shift and go to state 58

  ! TIMES           [ reduce using rule 28 (expression -> expression PLUS expression .) ]
  ! DIVIDE          [ reduce using rule 28 (expression -> expression PLUS expression .) ]
  ! MOD             [ reduce using rule 28 (expression -> expression PLUS expression .) ]
  ! PLUS            [ shift and go to state 54 ]
  ! MINUS           [ shift and go to state 55 ]
  ! AND             [ shift and go to state 59 ]
  ! OR              [ shift and go to state 60 ]
  ! EQ              [ shift and go to state 61 ]
  ! NEQ             [ shift and go to state 62 ]
  ! LT              [ shift and go to state 63 ]
  ! LE              [ shift and go to state 64 ]
  ! GT              [ shift and go to state 65 ]
  ! GE              [ shift and go to state 66 ]
  ! BIT_AND         [ shift and go to state 67 ]
  ! BIT_OR          [ shift and go to state 68 ]
  ! BIT_XOR         [ shift and go to state 69 ]
  ! SHIFT_LEFT      [ shift and go to state 70 ]
  ! SHIFT_RIGHT     [ shift and go to state 71 ]


state 104

    (29) expression -> expression MINUS expression .
    (28) expression -> expression . PLUS expression
    (29) expression -> expression . MINUS expression
    (30) expression -> expression . TIMES expression
    (31) expression -> expression . DIVIDE expression
    (32) expression -> expression . MOD expression
    (33) expression -> expression . AND expression
    (34) expression -> expression . OR expression
    (35) expression -> expression . EQ expression
    (36) expression -> expression . NEQ expression
    (37) expression -> expression . LT expression
    (38) expression -> expression . LE expression
    (39) expression -> expression . GT expression
    (40) expression -> expression . GE expression
    (41) expression -> expression . BIT_AND expression
    (42) expression -> expression . BIT_OR expression
    (43) expression -> expression . BIT_XOR expression
    (44) expression -> expression . SHIFT_LEFT expression
    (45) expression -> expression . SHIFT_RIGHT expression

    SEMI            reduce using rule 29 (expression -> expression MINUS expression .)
    PLUS            reduce using rule 29 (expression -> expression MINUS expression .)
    MINUS           reduce using rule 29 (expression -> expression MINUS expression .)
    AND             reduce using rule 29 (expression -> expression MINUS expression .)
    OR              reduce using rule 29 (expression -> expression MINUS expression .)
    EQ              reduce using rule 29 (expression -> expression MINUS expression .)
    NEQ             reduce using rule 29 (expression -> expression MINUS expression .)
    LT              reduce using rule 29 (expression -> expression MINUS expression .)
    LE              reduce using rule 29 (expression -> expression MINUS expression .)
    GT              reduce using rule 29 (expression -> expression MINUS expression .)
    GE              reduce using rule 29 (expression -> expression MINUS expression .)
    BIT_AND         reduce using rule 29 (expression -> expression MINUS expression .)
    BIT_OR          reduce using rule 29 (expression -> expression MINUS expression .)
    BIT_XOR         reduce using rule 29 (expression -> expression MINUS expression .)
    SHIFT_LEFT      reduce using rule 29 (expression -> expression MINUS expression .)
    SHIFT_RIGHT     reduce using rule 29 (expression -> expression MINUS expression .)
    RPAREN          reduce using rule 29 (expression -> expression MINUS expression .)
    COMMA           reduce using rule 29 (expression -> expression MINUS expression .)
    RBRACKET        reduce using rule 29 (expression -> expression MINUS expression .)
    RANGE           reduce using rule 29 (expression -> expression MINUS expression .)
    TIMES           shift and go to state 56
    DIVIDE          shift and go to state 57
    MOD             shift and go to state 58

  ! TIMES           [ reduce using rule 29 (expression -> expression MINUS expression .) ]
  ! DIVIDE          [ reduce using rule 29 (expression -> expression MINUS expression .) ]
  ! MOD             [ reduce using rule 29 (expression -> expression MINUS expression .) ]
  ! PLUS            [ shift and go to state 54 ]
  ! MINUS           [ shift and go to state 55 ]
  ! AND             [ shift and go to state 59 ]
  ! OR              [ shift and go to state 60 ]
  ! EQ              [ shift and go to state 61 ]
  ! NEQ             [ shift and go to state 62 ]
  ! LT              [ shift and go to state 63 ]
  ! LE              [ shift and go to state 64 ]
  ! GT              [ shift and go to state 65 ]
  ! GE              [ shift and go to state 66 ]
  ! BIT_AND         [ shift and go to state 67 ]
  ! BIT_OR          [ shift and go to state 68 ]
  ! BIT_XOR         [ shift and go to state 69 ]
  ! SHIFT_LEFT      [ shift and go to state 70 ]
  ! SHIFT_RIGHT     [ shift and go to state 71 ]


state 105

    (30) expression -> expression TIMES expression .
    (28) expression -> expression . PLUS expression
    (29) expression -> expression . MINUS expression
    (30) expression -> expression . TIMES expression
    (31) expression -> expression . DIVIDE expression
    (32) expression -> expression . MOD expression
    (33) expression -> expression . AND expression
    (34) expression -> expression . OR expression
    (35) expression -> expression . EQ expression
    (36) expression -> expression . NEQ expression
    (37) expression -> expression . LT expression
    (38) expression -> expression . LE expression
    (39) expression -> expression . GT expression
    (40) expression -> expression . GE expression
    (41) expression -> expression . BIT_AND expression
    (42) expression -> expression . BIT_OR expression
    (43) expression -> expression . BIT_XOR expression
    (44) expression -> expression . SHIFT_LEFT expression
    (45) expression -> expression . SHIFT_RIGHT expression

    SEMI            reduce using rule 30 (expression -> expression TIMES expression .)
    PLUS            reduce using rule 30 (expression -> expression TIMES expression .)
    MINUS           reduce using rule 30 (expression -> expression TIMES expression .)
    TIMES           reduce using rule 30 (expression -> expression TIMES expression .)
    DIVIDE          reduce using rule 30 (expression -> expression TIMES expression .)
    MOD             reduce using rule 30 (expression -> expression TIMES expression .)
    AND             reduce using rule 30 (expression -> expression TIMES expression .)
    OR              reduce using rule 30 (expression -> expression TIMES expression .)
    EQ              reduce using rule 30 (expression -> expression TIMES expression .)
    NEQ             reduce using rule 30 (expression -> expression TIMES expression .)
    LT              reduce using rule 30 (expression -> expression TIMES expression .)
    LE              reduce using rule 30 (expression -> expression TIMES expression .)
    GT              reduce using rule 30 (expression -> expression TIMES expression .)
    GE              reduce using rule 30 (expression -> expression TIMES expression .)
    BIT_AND         reduce using rule 30 (expression -> expression TIMES expression .)
    BIT_OR          reduce using rule 30 (expression -> expression TIMES expression .)
    BIT_XOR         reduce using rule 30 (expression -> expression TIMES expression .)
    SHIFT_LEFT      reduce using rule 30 (expression -> expression TIMES expression .)
    SHIFT_RIGHT     reduce using rule 30 (expression -> expression TIMES expression .)
    RPAREN          reduce using rule 30 (expression -> expression TIMES expression .)
    COMMA           reduce using rule 30 (expression -> expression TIMES expression .)
    RBRACKET        reduce using rule 30 (expression -> expression TIMES expression .)
    RANGE           reduce using rule 30 (expression -> expression TIMES expression .)

  ! PLUS            [ shift and go to state 54 ]
  ! MINUS           [ shift and go to state 55 ]
  ! TIMES           [ shift and go to state 56 ]
  ! DIVIDE          [ shift and go to state 57 ]
  ! MOD             [ shift and go to state 58 ]
  ! AND             [ shift and go to state 59 ]
  ! OR              [ shift and go to state 60 ]
  ! EQ              [ shift and go to state 61 ]
  ! NEQ             [ shift and go to state 62 ]
  ! LT              [ shift and go to state 63 ]
  ! LE              [ shift and go to state 64 ]
  ! GT              [ shift and go to state 65 ]
  ! GE              [ shift and go to state 66 ]
  ! BIT_AND         [ shift and go to state 67 ]
  ! BIT_OR          [ shift and go to state 68 ]
  ! BIT_XOR         [ shift and go to state 69 ]
  ! SHIFT_LEFT      [ shift and go to state 70 ]
  ! SHIFT_RIGHT     [ shift and go to state 71 ]


state 106

    (31) expression -> expression DIVIDE expression .
    (28) expression -> expression . PLUS expression
    (29) expression -> expression . MINUS expression
    (30) expression -> expression . TIMES expression
    (31) expression -> expression . DIVIDE expression
    (32) expression -> expression . MOD expression
    (33) expression -> expression . AND expression
    (34) expression -> expression . OR expression
    (35) expression -> expression . EQ expression
    (36) expression -> expression . NEQ expression
    (37) expression -> expression . LT expression
    (38) expression -> expression . LE expression
    (39) expression -> expression . GT expression
    (40) expression -> expression . GE expression
    (41) expression -> expression . BIT_AND expression
    (42) expression -> expression . BIT_OR expression
    (43) expression -> expression . BIT_XOR expression
    (44) expression -> expression . SHIFT_LEFT expression
    (45) expression -> expression . SHIFT_RIGHT expression

    SEMI            reduce using rule 31 (expression -> expression DIVIDE expression .)
    PLUS            reduce using rule 31 (expression -> expression DIVIDE expression .)
    MINUS           reduce using rule 31 (expression -> expression DIVIDE expression .)
    TIMES           reduce using rule 31 (expression -> expression DIVIDE expression .)
    DIVIDE          reduce using rule 31 (expression -> expression DIVIDE expression .)
    MOD             reduce using rule 31 (expression -> expression DIVIDE expression .)
    AND             reduce using rule 31 (expression -> expression DIVIDE expression .)
    OR              reduce using rule 31 (expression -> expression DIVIDE expression .)
    EQ              reduce using rule 31 (expression -> expression DIVIDE expression .)
    NEQ             reduce using rule 31 (expression -> expression DIVIDE expression .)
    LT              reduce using rule 31 (expression -> expression DIVIDE expression .)
    LE              reduce using rule 31 (expression -> expression DIVIDE expression .)
    GT              reduce using rule 31 (expression -> expression DIVIDE expression .)
    GE              reduce using rule 31 (expression -> expression DIVIDE expression .)
    BIT_AND         reduce using rule 31 (expression -> expression DIVIDE expression .)
    BIT_OR          reduce using rule 31 (expression -> expression DIVIDE expression .)
    BIT_XOR         reduce using rule 31 (expression -> expression DIVIDE expression .)
    SHIFT_LEFT      reduce using rule 31 (expression -> expression DIVIDE expression .)
    SHIFT_RIGHT     reduce using rule 31 (expression -> expression DIVIDE expression .)
    RPAREN          reduce using rule 31 (expression -> expression DIVIDE expression .)
    COMMA           reduce using rule 31 (expression -> expression DIVIDE expression .)
    RBRACKET        reduce using rule 31 (expression -> expression DIVIDE expression .)
    RANGE           reduce using rule 31 (expression -> expression DIVIDE expression .)

  ! PLUS            [ shift and go to state 54 ]
  ! MINUS           [ shift and go to state 55 ]
  ! TIMES           [ shift and go to state 56 ]
  ! DIVIDE          [ shift and go to state 57 ]
  ! MOD             [ shift and go to state 58 ]
  ! AND             [ shift and go to state 59 ]
  ! OR              [ shift and go to state 60 ]
  ! EQ              [ shift and go to state 61 ]
  ! NEQ             [ shift and go to state 62 ]
  ! LT              [ shift and go to state 63 ]
  ! LE              [ shift and go to state 64 ]
  ! GT              [ shift and go to state 65 ]
  ! GE              [ shift and go to state 66 ]
  ! BIT_AND         [ shift and go to state 67 ]
  ! BIT_OR          [ shift and go to state 68 ]
  ! BIT_XOR         [ shift and go to state 69 ]
  ! SHIFT_LEFT      [ shift and go to state 70 ]
  ! SHIFT_RIGHT     [ shift and go to state 71 ]


state 107

    (32) expression -> expression MOD expression .
    (28) expression -> expression . PLUS expression
    (29) expression -> expression . MINUS expression
    (30) expression -> expression . TIMES expression
    (31) expression -> expression . DIVIDE expression
    (32) expression -> expression . MOD expression
    (33) expression -> expression . AND expression
    (34) expression -> expression . OR expression
    (35) expression -> expression . EQ expression
    (36) expression -> expression . NEQ expression
    (37) expression -> expression . LT expression
    (38) expression -> expression . LE expression
    (39) expression -> expression . GT expression
    (40) expression -> expression . GE expression
    (41) expression -> expression . BIT_AND expression
    (42) expression -> expression . BIT_OR expression
    (43) expression -> expression . BIT_XOR expression
    (44) expression -> expression . SHIFT_LEFT expression
    (45) expression -> expression . SHIFT_RIGHT expression

    SEMI            reduce using rule 32 (expression -> expression MOD expression .)
    PLUS            reduce using rule 32 (expression -> expression MOD expression .)
    MINUS           reduce using rule 32 (expression -> expression MOD expression .)
    TIMES           reduce using rule 32 (expression -> expression MOD expression .)
    DIVIDE          reduce using rule 32 (expression -> expression MOD expression .)
    MOD             reduce using rule 32 (expression -> expression MOD expression .)
    AND             reduce using rule 32 (expression -> expression MOD expression .)
    OR              reduce using rule 32 (expression -> expression MOD expression .)
    EQ              reduce using rule 32 (expression -> expression MOD expression .)
    NEQ             reduce using rule 32 (expression -> expression MOD expression .)
    LT              reduce using rule 32 (expression -> expression MOD expression .)
    LE              reduce using rule 32 (expression -> expression MOD expression .)
    GT              reduce using rule 32 (expression -> expression MOD expression .)
    GE              reduce using rule 32 (expression -> expression MOD expression .)
    BIT_AND         reduce using rule 32 (expression -> expression MOD expression .)
    BIT_OR          reduce using rule 32 (expression -> expression MOD expression .)
    BIT_XOR         reduce using rule 32 (expression -> expression MOD expression .)
    SHIFT_LEFT      reduce using rule 32 (expression -> expression MOD expression .)
    SHIFT_RIGHT     reduce using rule 32 (expression -> expression MOD expression .)
    RPAREN          reduce using rule 32 (expression -> expression MOD expression .)
    COMMA           reduce using rule 32 (expression -> expression MOD expression .)
    RBRACKET        reduce using rule 32 (expression -> expression MOD expression .)
    RANGE           reduce using rule 32 (expression -> expression MOD expression .)

  ! PLUS            [ shift and go to state 54 ]
  ! MINUS           [ shift and go to state 55 ]
  ! TIMES           [ shift and go to state 56 ]
  ! DIVIDE          [ shift and go to state 57 ]
  ! MOD             [ shift and go to state 58 ]
  ! AND             [ shift and go to state 59 ]
  ! OR              [ shift and go to state 60 ]
  ! EQ              [ shift and go to state 61 ]
  ! NEQ             [ shift and go to state 62 ]
  ! LT              [ shift and go to state 63 ]
  ! LE              [ shift and go to state 64 ]
  ! GT              [ shift and go to state 65 ]
  ! GE              [ shift and go to state 66 ]
  ! BIT_AND         [ shift and go to state 67 ]
  ! BIT_OR          [ shift and go to state 68 ]
  ! BIT_XOR         [ shift and go to state 69 ]
  ! SHIFT_LEFT      [ shift and go to state 70 ]
  ! SHIFT_RIGHT     [ shift and go to state 71 ]


state 108

    (33) expression -> expression AND expression .
    (28) expression -> expression . PLUS expression
    (29) expression -> expression . MINUS expression
    (30) expression -> expression . TIMES expression
    (31) expression -> expression . DIVIDE expression
    (32) expression -> expression . MOD expression
    (33) expression -> expression . AND expression
    (34) expression -> expression . OR expression
    (35) expression -> expression . EQ expression
    (36) expression -> expression . NEQ expression
    (37) expression -> expression . LT expression
    (38) expression -> expression . LE expression
    (39) expression -> expression . GT expression
    (40) expression -> expression . GE expression
    (41) expression -> expression . BIT_AND expression
    (42) expression -> expression . BIT_OR expression
    (43) expression -> expression . BIT_XOR expression
    (44) expression -> expression . SHIFT_LEFT expression
    (45) expression -> expression . SHIFT_RIGHT expression

    SEMI            reduce using rule 33 (expression -> expression AND expression .)
    AND             reduce using rule 33 (expression -> expression AND expression .)
    OR              reduce using rule 33 (expression -> expression AND expression .)
    RPAREN          reduce using rule 33 (expression -> expression AND expression .)
    COMMA           reduce using rule 33 (expression -> expression AND expression .)
    RBRACKET        reduce using rule 33 (expression -> expression AND expression .)
    RANGE           reduce using rule 33 (expression -> expression AND expression .)
    PLUS            shift and go to state 54
    MINUS           shift and go to state 55
    TIMES           shift and go to state 56
    DIVIDE          shift and go to state 57
    MOD             shift and go to state 58
    EQ              shift and go to state 61
    NEQ             shift and go to state 62
    LT              shift and go to state 63
    LE              shift and go to state 64
    GT              shift and go to state 65
    GE              shift and go to state 66
    BIT_AND         shift and go to state 67
    BIT_OR          shift and go to state 68
    BIT_XOR         shift and go to state 69
    SHIFT_LEFT      shift and go to state 70
    SHIFT_RIGHT     shift and go to state 71

  ! PLUS            [ reduce using rule 33 (expression -> expression AND expression .) ]
  ! MINUS           [ reduce using rule 33 (expression -> expression AND expression .) ]
  ! TIMES           [ reduce using rule 33 (expression -> expression AND expression .) ]
  ! DIVIDE          [ reduce using rule 33 (expression -> expression AND expression .) ]
  ! MOD             [ reduce using rule 33 (expression -> expression AND expression .) ]
  ! EQ              [ reduce using rule 33 (expression -> expression AND expression .) ]
  ! NEQ             [ reduce using rule 33 (expression -> expression AND expression .) ]
  ! LT              [ reduce using rule 33 (expression -> expression AND expression .) ]
  ! LE              [ reduce using rule 33 (expression -> expression AND expression .) ]
  ! GT              [ reduce using rule 33 (expression -> expression AND expression .) ]
  ! GE              [ reduce using rule 33 (expression -> expression AND expression .) ]
  ! BIT_AND         [ reduce using rule 33 (expression -> expression AND expression .) ]
  ! BIT_OR          [ reduce using rule 33 (expression -> expression AND expression .) ]
  ! BIT_XOR         [ reduce using rule 33 (expression -> expression AND expression .) ]
  ! SHIFT_LEFT      [ reduce using rule 33 (expression -> expression AND expression .) ]
  ! SHIFT_RIGHT     [ reduce using rule 33 (expression -> expression AND expression .) ]
  ! AND             [ shift and go to state 59 ]
  ! OR              [ shift and go to state 60 ]


state 109

    (34) expression -> expression OR expression .
    (28) expression -> expression . PLUS expression
    (29) expression -> expression . MINUS expression
    (30) expression -> expression . TIMES expression
    (31) expression -> expression . DIVIDE expression
    (32) expression -> expression . MOD expression
    (33) expression -> expression . AND expression
    (34) expression -> expression . OR expression
    (35) expression -> expression . EQ expression
    (36) expression -> expression . NEQ expression
    (37) expression -> expression . LT expression
    (38) expression -> expression . LE expression
    (39) expression -> expression . GT expression
    (40) expression -> expression . GE expression
    (41) expression -> expression . BIT_AND expression
    (42) expression -> expression . BIT_OR expression
    (43) expression -> expression . BIT_XOR expression
    (44) expression -> expression . SHIFT_LEFT expression
    (45) expression -> expression . SHIFT_RIGHT expression

    SEMI            reduce using rule 34 (expression -> expression OR expression .)
    OR              reduce using rule 34 (expression -> expression OR expression .)
    RPAREN          reduce using rule 34 (expression -> expression OR expression .)
    COMMA           reduce using rule 34 (expression -> expression OR expression .)
    RBRACKET        reduce using rule 34 (expression -> expression OR expression .)
    RANGE           reduce using rule 34 (expression -> expression OR expression .)
    PLUS            shift and go to state 54
    MINUS           shift and go to state 55
    TIMES           shift and go to state 56
    DIVIDE          shift and go to state 57
    MOD             shift and go to state 58
    AND             shift and go to state 59
    EQ              shift and go to state 61
    NEQ             shift and go to state 62
    LT              shift and go to state 63
    LE              shift and go to state 64
    GT              shift and go to state 65
    GE              shift and go to state 66
    BIT_AND         shift and go to state 67
    BIT_OR          shift and go to state 68
    BIT_XOR         shift and go to state 69
    SHIFT_LEFT      shift and go to state 70
    SHIFT_RIGHT     shift and go to state 71

  ! PLUS            [ reduce using rule 34 (expression -> expression OR expression .) ]
  ! MINUS           [ reduce using rule 34 (expression -> expression OR expression .) ]
  ! TIMES           [ reduce using rule 34 (expression -> expression OR expression .) ]
  ! DIVIDE          [ reduce using rule 34 (expression -> expression OR expression .) ]
  ! MOD             [ reduce using rule 34 (expression -> expression OR expression .) ]
  ! AND             [ reduce using rule 34 (expression -> expression OR expression .) ]
  ! EQ              [ reduce using rule 34 (expression -> expression OR expression .) ]
  ! NEQ             [ reduce using rule 34 (expression -> expression OR expression .) ]
  ! LT              [ reduce using rule 34 (expression -> expression OR expression .) ]
  ! LE              [ reduce using rule 34 (expression -> expression OR expression .) ]
  ! GT              [ reduce using rule 34 (expression -> expression OR expression .) ]
  ! GE              [ reduce using rule 34 (expression -> expression OR expression .) ]
  ! BIT_AND         [ reduce using rule 34 (expression -> expression OR expression .) ]
  ! BIT_OR          [ reduce using rule 34 (expression -> expression OR expression .) ]
  ! BIT_XOR         [ reduce using rule 34 (expression -> expression OR expression .) ]
  ! SHIFT_LEFT      [ reduce using rule 34 (expression -> expression OR expression .) ]
  ! SHIFT_RIGHT     [ reduce using rule 34 (expression -> expression OR expression .) ]
  ! OR              [ shift and go to state 60 ]


state 110

    (35) expression -> expression EQ expression .
    (28) expression -> expression . PLUS expression
    (29) expression -> expression . MINUS expression
    (30) expression -> expression . TIMES expression
    (31) expression -> expression . DIVIDE expression
    (32) expression -> expression . MOD expression
    (33) expression -> expression . AND expression
    (34) expression -> expression . OR expression
    (35) expression -> expression . EQ expression
    (36) expression -> expression . NEQ expression
    (37) expression -> expression . LT expression
    (38) expression -> expression . LE expression
    (39) expression -> expression . GT expression
    (40) expression -> expression . GE expression
    (41) expression -> expression . BIT_AND expression
    (42) expression -> expression . BIT_OR expression
    (43) expression -> expression . BIT_XOR expression
    (44) expression -> expression . SHIFT_LEFT expression
    (45) expression -> expression . SHIFT_RIGHT expression

    SEMI            reduce using rule 35 (expression -> expression EQ expression .)
    AND             reduce using rule 35 (expression -> expression EQ expression .)
    OR              reduce using rule 35 (expression -> expression EQ expression .)
    EQ              reduce using rule 35 (expression -> expression EQ expression .)
    NEQ             reduce using rule 35 (expression -> expression EQ expression .)
    BIT_AND         reduce using rule 35 (expression -> expression EQ expression .)
    BIT_OR          reduce using rule 35 (expression -> expression EQ expression .)
    BIT_XOR         reduce using rule 35 (expression -> expression EQ expression .)
    RPAREN          reduce using rule 35 (expression -> expression EQ expression .)
    COMMA           reduce using rule 35 (expression -> expression EQ expression .)
    RBRACKET        reduce using rule 35 (expression -> expression EQ expression .)
    RANGE           reduce using rule 35 (expression -> expression EQ expression .)
    PLUS            shift and go to state 54
    MINUS           shift and go to state 55
    TIMES           shift and go to state 56
    DIVIDE          shift and go to state 57
    MOD             shift and go to state 58
    LT              shift and go to state 63
    LE              shift and go to state 64
    GT              shift and go to state 65
    GE              shift and go to state 66
    SHIFT_LEFT      shift and go to state 70
    SHIFT_RIGHT     shift and go to state 71

  ! PLUS            [ reduce using rule 35 (expression -> expression EQ expression .) ]
  ! MINUS           [ reduce using rule 35 (expression -> expression EQ expression .) ]
  ! TIMES           [ reduce using rule 35 (expression -> expression EQ expression .) ]
  ! DIVIDE          [ reduce using rule 35 (expression -> expression EQ expression .) ]
  ! MOD             [ reduce using rule 35 (expression -> expression EQ expression .) ]
  ! LT              [ reduce using rule 35 (expression -> expression EQ expression .) ]
  ! LE              [ reduce using rule 35 (expression -> expression EQ expression .) ]
  ! GT              [ reduce using rule 35 (expression -> expression EQ expression .) ]
  ! GE              [ reduce using rule 35 (expression -> expression EQ expression .) ]
  ! SHIFT_LEFT      [ reduce using rule 35 (expression -> expression EQ expression .) ]
  ! SHIFT_RIGHT     [ reduce using rule 35 (expression -> expression EQ expression .) ]
  ! AND             [ shift and go to state 59 ]
  ! OR              [ shift and go to state 60 ]
  ! EQ              [ shift and go to state 61 ]
  ! NEQ             [ shift and go to state 62 ]
  ! BIT_AND         [ shift and go to state 67 ]
  ! BIT_OR          [ shift and go to state 68 ]
  ! BIT_XOR         [ shift and go to state 69 ]


state 111

    (36) expression -> expression NEQ expression .
    (28) expression -> expression . PLUS expression
    (29) expression -> expression . MINUS expression
    (30) expression -> expression . TIMES expression
    (31) expression -> expression . DIVIDE expression
    (32) expression -> expression . MOD expression
    (33) expression -> expression . AND expression
    (34) expression -> expression . OR expression
    (35) expression -> expression . EQ expression
    (36) expression -> expression . NEQ expression
    (37) expression -> expression . LT expression
    (38) expression -> expression . LE expression
    (39) expression -> expression . GT expression
    (40) expression -> expression . GE expression
    (41) expression -> expression . BIT_AND expression
    (42) expression -> expression . BIT_OR expression
    (43) expression -> expression . BIT_XOR expression
    (44) expression -> expression . SHIFT_LEFT expression
    (45) expression -> expression . SHIFT_RIGHT expression

    SEMI            reduce using rule 36 (expression -> expression NEQ expression .)
    AND             reduce using rule 36 (expression -> expression NEQ expression .)
    OR              reduce using rule 36 (expression -> expression NEQ expression .)
    EQ              reduce using rule 36 (expression -> expression NEQ expression .)
    NEQ             reduce using rule 36 (expression -> expression NEQ expression .)
    BIT_AND         reduce using rule 36 (expression -> expression NEQ expression .)
    BIT_OR          reduce using rule 36 (expression -> expression NEQ expression .)
    BIT_XOR         reduce using rule 36 (expression -> expression NEQ expression .)
    RPAREN          reduce using rule 36 (expression -> expression NEQ expression .)
    COMMA           reduce using rule 36 (expression -> expression NEQ expression .)
    RBRACKET        reduce using rule 36 (expression -> expression NEQ expression .)
    RANGE           reduce using rule 36 (expression -> expression NEQ expression .)
    PLUS            shift and go to state 54
    MINUS           shift and go to state 55
    TIMES           shift and go to state 56
    DIVIDE          shift and go to state 57
    MOD             shift and go to state 58
    LT              shift and go to state 63
    LE              shift and go to state 64
    GT              shift and go to state 65
    GE              shift and go to state 66
    SHIFT_LEFT      shift and go to state 70
    SHIFT_RIGHT     shift and go to state 71

  ! PLUS            [ reduce using rule 36 (expression -> expression NEQ expression .) ]
  ! MINUS           [ reduce using rule 36 (expression -> expression NEQ expression .) ]
  ! TIMES           [ reduce using rule 36 (expression -> expression NEQ expression .) ]
  ! DIVIDE          [ reduce using rule 36 (expression -> expression NEQ expression .) ]
  ! MOD             [ reduce using rule 36 (expression -> expression NEQ expression .) ]
  ! LT              [ reduce using rule 36 (expression -> expression NEQ expression .) ]
  ! LE              [ reduce using rule 36 (expression -> expression NEQ expression .) ]
  ! GT              [ reduce using rule 36 (expression -> expression NEQ expression .) ]
  ! GE              [ reduce using rule 36 (expression -> expression NEQ expression .) ]
  ! SHIFT_LEFT      [ reduce using rule 36 (expression -> expression NEQ expression .) ]
  ! SHIFT_RIGHT     [ reduce using rule 36 (expression -> expression NEQ expression .) ]
  ! AND             [ shift and go to state 59 ]
  ! OR              [ shift and go to state 60 ]
  ! EQ              [ shift and go to state 61 ]
  ! NEQ             [ shift and go to state 62 ]
  ! BIT_AND         [ shift and go to state 67 ]
  ! BIT_OR          [ shift and go to state 68 ]
  ! BIT_XOR         [ shift and go to state 69 ]


state 112

    (37) expression -> expression LT expression .
    (28) expression -> expression . PLUS expression
    (29) expression -> expression . MINUS expression
    (30) expression -> expression . TIMES expression
    (31) expression -> expression . DIVIDE expression
    (32) expression -> expression . MOD expression
    (33) expression -> expression . AND expression
    (34) expression -> expression . OR expression
    (35) expression -> expression . EQ expression
    (36) expression -> expression . NEQ expression
    (37) expression -> expression . LT expression
    (38) expression -> expression . LE expression
    (39) expression -> expression . GT expression
    (40) expression -> expression . GE expression
    (41) expression -> expression . BIT_AND expression
    (42) expression -> expression . BIT_OR expression
    (43) expression -> expression . BIT_XOR expression
    (44) expression -> expression . SHIFT_LEFT expression
    (45) expression -> expression . SHIFT_RIGHT expression

    SEMI            reduce using rule 37 (expression -> expression LT expression .)
    AND             reduce using rule 37 (expression -> expression LT expression .)
    OR              reduce using rule 37 (expression -> expression LT expression .)
    EQ              reduce using rule 37 (expression -> expression LT expression .)
    NEQ             reduce using rule 37 (expression -> expression LT expression .)
    LT              reduce using rule 37 (expression -> expression LT expression .)
    LE              reduce using rule 37 (expression -> expression LT expression .)
    GT              reduce using rule 37 (expression -> expression LT expression .)
    GE              reduce using rule 37 (expression -> expression LT expression .)
    BIT_AND         reduce using rule 37 (expression -> expression LT expression .)
    BIT_OR          reduce using rule 37 (expression -> expression LT expression .)
    BIT_XOR         reduce using rule 37 (expression -> expression LT expression .)
    RPAREN          reduce using rule 37 (expression -> expression LT expression .)
    COMMA           reduce using rule 37 (expression -> expression LT expression .)
    RBRACKET        reduce using rule 37 (expression -> expression LT expression .)
    RANGE           reduce using rule 37 (expression -> expression LT expression .)
    PLUS            shift and go to state 54
    MINUS           shift and go to state 55
    TIMES           shift and go to state 56
    DIVIDE          shift and go to state 57
    MOD             shift and go to state 58
    SHIFT_LEFT      shift and go to state 70
    SHIFT_RIGHT     shift and go to state 71

  ! PLUS            [ reduce using rule 37 (expression -> expression LT expression .) ]
  ! MINUS           [ reduce using rule 37 (expression -> expression LT expression .) ]
  ! TIMES           [ reduce using rule 37 (expression -> expression LT expression .) ]
  ! DIVIDE          [ reduce using rule 37 (expression -> expression LT expression .) ]
  ! MOD             [ reduce using rule 37 (expression -> expression LT expression .) ]
  ! SHIFT_LEFT      [ reduce using rule 37 (expression -> expression LT expression .) ]
  ! SHIFT_RIGHT     [ reduce using rule 37 (expression -> expression LT expression .) ]
  ! AND             [ shift and go to state 59 ]
  ! OR              [ shift and go to state 60 ]
  ! EQ              [ shift and go to state 61 ]
  ! NEQ             [ shift and go to state 62 ]
  ! LT              [ shift and go to state 63 ]
  ! LE              [ shift and go to state 64 ]
  ! GT              [ shift and go to state 65 ]
  ! GE              [ shift and go to state 66 ]
  ! BIT_AND         [ shift and go to state 67 ]
  ! BIT_OR          [ shift and go to state 68 ]
  ! BIT_XOR         [ shift and go to state 69 ]


state 113

    (38) expression -> expression LE expression .
    (28) expression -> expression . PLUS expression
    (29) expression -> expression . MINUS expression
    (30) expression -> expression . TIMES expression
    (31) expression -> expression . DIVIDE expression
    (32) expression -> expression . MOD expression
    (33) expression -> expression . AND expression
    (34) expression -> expression . OR expression
    (35) expression -> expression . EQ expression
    (36) expression -> expression . NEQ expression
    (37) expression -> expression . LT expression
    (38) expression -> expression . LE expression
    (39) expression -> expression . GT expression
    (40) expression -> expression . GE expression
    (41) expression -> expression . BIT_AND expression
    (42) expression -> expression . BIT_OR expression
    (43) expression -> expression . BIT_XOR expression
    (44) expression -> expression . SHIFT_LEFT expression
    (45) expression -> expression . SHIFT_RIGHT expression

    SEMI            reduce using rule 38 (expression -> expression LE expression .)
    AND             reduce using rule 38 (expression -> expression LE expression .)
    OR              reduce using rule 38 (expression -> expression LE expression .)
    EQ              reduce using rule 38 (expression -> expression LE expression .)
    NEQ             reduce using rule 38 (expression -> expression LE expression .)
    LT              reduce using rule 38 (expression -> expression LE expression .)
    LE              reduce using rule 38 (expression -> expression LE expression .)
    GT              reduce using rule 38 (expression -> expression LE expression .)
    GE              reduce using rule 38 (expression -> expression LE expression .)
    BIT_AND         reduce using rule 38 (expression -> expression LE expression .)
    BIT_OR          reduce using rule 38 (expression -> expression LE expression .)
    BIT_XOR         reduce using rule 38 (expression -> expression LE expression .)
    RPAREN          reduce using rule 38 (expression -> expression LE expression .)
    COMMA           reduce using rule 38 (expression -> expression LE expression .)
    RBRACKET        reduce using rule 38 (expression -> expression LE expression .)
    RANGE           reduce using rule 38 (expression -> expression LE expression .)
    PLUS            shift and go to state 54
    MINUS           shift and go to state 55
    TIMES           shift and go to state 56
    DIVIDE          shift and go to state 57
    MOD             shift and go to state 58
    SHIFT_LEFT      shift and go to state 70
    SHIFT_RIGHT     shift and go to state 71

  ! PLUS            [ reduce using rule 38 (expression -> expression LE expression .) ]
  ! MINUS           [ reduce using rule 38 (expression -> expression LE expression .) ]
  ! TIMES           [ reduce using rule 38 (expression -> expression LE expression .) ]
  ! DIVIDE          [ reduce using rule 38 (expression -> expression LE expression .) ]
  ! MOD             [ reduce using rule 38 (expression -> expression LE expression .) ]
  ! SHIFT_LEFT      [ reduce using rule 38 (expression -> expression LE expression .) ]
  ! SHIFT_RIGHT     [ reduce using rule 38 (expression -> expression LE expression .) ]
  ! AND             [ shift and go to state 59 ]
  ! OR              [ shift and go to state 60 ]
  ! EQ              [ shift and go to state 61 ]
  ! NEQ             [ shift and go to state 62 ]
  ! LT              [ shift and go to state 63 ]
  ! LE              [ shift and go to state 64 ]
  ! GT              [ shift and go to state 65 ]
  ! GE              [ shift and go to state 66 ]
  ! BIT_AND         [ shift and go to state 67 ]
  ! BIT_OR          [ shift and go to state 68 ]
  ! BIT_XOR         [ shift and go to state 69 ]


state 114

    (39) expression -> expression GT expression .
    (28) expression -> expression . PLUS expression
    (29) expression -> expression . MINUS expression
    (30) expression -> expression . TIMES expression
    (31) expression -> expression . DIVIDE expression
    (32) expression -> expression . MOD expression
    (33) expression -> expression . AND expression
    (34) expression -> expression . OR expression
    (35) expression -> expression . EQ expression
    (36) expression -> expression . NEQ expression
    (37) expression -> expression . LT expression
    (38) expression -> expression . LE expression
    (39) expression -> expression . GT expression
    (40) expression -> expression . GE expression
    (41) expression -> expression . BIT_AND expression
    (42) expression -> expression . BIT_OR expression
    (43) expression -> expression . BIT_XOR expression
    (44) expression -> expression . SHIFT_LEFT expression
    (45) expression -> expression . SHIFT_RIGHT expression

    SEMI            reduce using rule 39 (expression -> expression GT expression .)
    AND             reduce using rule 39 (expression -> expression GT expression .)
    OR              reduce using rule 39 (expression -> expression GT expression .)
    EQ              reduce using rule 39 (expression -> expression GT expression .)
    NEQ             reduce using rule 39 (expression -> expression GT expression .)
    LT              reduce using rule 39 (expression -> expression GT expression .)
    LE              reduce using rule 39 (expression -> expression GT expression .)
    GT              reduce using rule 39 (expression -> expression GT expression .)
    GE              reduce using rule 39 (expression -> expression GT expression .)
    BIT_AND         reduce using rule 39 (expression -> expression GT expression .)
    BIT_OR          reduce using rule 39 (expression -> expression GT expression .)
    BIT_XOR         reduce using rule 39 (expression -> expression GT expression .)
    RPAREN          reduce using rule 39 (expression -> expression GT expression .)
    COMMA           reduce using rule 39 (expression -> expression GT expression .)
    RBRACKET        reduce using rule 39 (expression -> expression GT expression .)
    RANGE           reduce using rule 39 (expression -> expression GT expression .)
    PLUS            shift and go to state 54
    MINUS           shift and go to state 55
    TIMES           shift and go to state 56
    DIVIDE          shift and go to state 57
    MOD             shift and go to state 58
    SHIFT_LEFT      shift and go to state 70
    SHIFT_RIGHT     shift and go to state 71

  ! PLUS            [ reduce using rule 39 (expression -> expression GT expression .) ]
  ! MINUS           [ reduce using rule 39 (expression -> expression GT expression .) ]
  ! TIMES           [ reduce using rule 39 (expression -> expression GT expression .) ]
  ! DIVIDE          [ reduce using rule 39 (expression -> expression GT expression .) ]
  ! MOD             [ reduce using rule 39 (expression -> expression GT expression .) ]
  ! SHIFT_LEFT      [ reduce using rule 39 (expression -> expression GT expression .) ]
  ! SHIFT_RIGHT     [ reduce using rule 39 (expression -> expression GT expression .) ]
  ! AND             [ shift and go to state 59 ]
  ! OR              [ shift and go to state 60 ]
  ! EQ              [ shift and go to state 61 ]
  ! NEQ             [ shift and go to state 62 ]
  ! LT              [ shift and go to state 63 ]
  ! LE              [ shift and go to state 64 ]
  ! GT              [ shift and go to state 65 ]
  ! GE              [ shift and go to state 66 ]
  ! BIT_AND         [ shift and go to state 67 ]
  ! BIT_OR          [ shift and go to state 68 ]
  ! BIT_XOR         [ shift and go to state 69 ]


state 115

    (40) expression -> expression GE expression .
    (28) expression -> expression . PLUS expression
    (29) expression -> expression . MINUS expression
    (30) expression -> expression . TIMES expression
    (31) expression -> expression . DIVIDE expression
    (32) expression -> expression . MOD expression
    (33) expression -> expression . AND expression
    (34) expression -> expression . OR expression
    (35) expression -> expression . EQ expression
    (36) expression -> expression . NEQ expression
    (37) expression -> expression . LT expression
    (38) expression -> expression . LE expression
    (39) expression -> expression . GT expression
    (40) expression -> expression . GE expression
    (41) expression -> expression . BIT_AND expression
    (42) expression -> expression . BIT_OR expression
    (43) expression -> expression . BIT_XOR expression
    (44) expression -> expression . SHIFT_LEFT expression
    (45) expression -> expression . SHIFT_RIGHT expression

    SEMI            reduce using rule 40 (expression -> expression GE expression .)
    AND             reduce using rule 40 (expression -> expression GE expression .)
    OR              reduce using rule 40 (expression -> expression GE expression .)
    EQ              reduce using rule 40 (expression -> expression GE expression .)
    NEQ             reduce using rule 40 (expression -> expression GE expression .)
    LT              reduce using rule 40 (expression -> expression GE expression .)
    LE              reduce using rule 40 (expression -> expression GE expression .)
    GT              reduce using rule 40 (expression -> expression GE expression .)
    GE              reduce using rule 40 (expression -> expression GE expression .)
    BIT_AND         reduce using rule 40 (expression -> expression GE expression .)
    BIT_OR          reduce using rule 40 (expression -> expression GE expression .)
    BIT_XOR         reduce using rule 40 (expression -> expression GE expression .)
    RPAREN          reduce using rule 40 (expression -> expression GE expression .)
    COMMA           reduce using rule 40 (expression -> expression GE expression .)
    RBRACKET        reduce using rule 40 (expression -> expression GE expression .)
    RANGE           reduce using rule 40 (expression -> expression GE expression .)
    PLUS            shift and go to state 54
    MINUS           shift and go to state 55
    TIMES           shift and go to state 56
    DIVIDE          shift and go to state 57
    MOD             shift and go to state 58
    SHIFT_LEFT      shift and go to state 70
    SHIFT_RIGHT     shift and go to state 71

  ! PLUS            [ reduce using rule 40 (expression -> expression GE expression .) ]
  ! MINUS           [ reduce using rule 40 (expression -> expression GE expression .) ]
  ! TIMES           [ reduce using rule 40 (expression -> expression GE expression .) ]
  ! DIVIDE          [ reduce using rule 40 (expression -> expression GE expression .) ]
  ! MOD             [ reduce using rule 40 (expression -> expression GE expression .) ]
  ! SHIFT_LEFT      [ reduce using rule 40 (expression -> expression GE expression .) ]
  ! SHIFT_RIGHT     [ reduce using rule 40 (expression -> expression GE expression .) ]
  ! AND             [ shift and go to state 59 ]
  ! OR              [ shift and go to state 60 ]
  ! EQ              [ shift and go to state 61 ]
  ! NEQ             [ shift and go to state 62 ]
  ! LT              [ shift and go to state 63 ]
  ! LE              [ shift and go to state 64 ]
  ! GT              [ shift and go to state 65 ]
  ! GE              [ shift and go to state 66 ]
  ! BIT_AND         [ shift and go to state 67 ]
  ! BIT_OR          [ shift and go to state 68 ]
  ! BIT_XOR         [ shift and go to state 69 ]


state 116

    (41) expression -> expression BIT_AND expression .
    (28) expression -> expression . PLUS expression
    (29) expression -> expression . MINUS expression
    (30) expression -> expression . TIMES expression
    (31) expression -> expression . DIVIDE expression
    (32) expression -> expression . MOD expression
    (33) expression -> expression . AND expression
    (34) expression -> expression . OR expression
    (35) expression -> expression . EQ expression
    (36) expression -> expression . NEQ expression
    (37) expression -> expression . LT expression
    (38) expression -> expression . LE expression
    (39) expression -> expression . GT expression
    (40) expression -> expression . GE expression
    (41) expression -> expression . BIT_AND expression
    (42) expression -> expression . BIT_OR expression
    (43) expression -> expression . BIT_XOR expression
    (44) expression -> expression . SHIFT_LEFT expression
    (45) expression -> expression . SHIFT_RIGHT expression

    SEMI            reduce using rule 41 (expression -> expression BIT_AND expression .)
    AND             reduce using rule 41 (expression -> expression BIT_AND expression .)
    OR              reduce using rule 41 (expression -> expression BIT_AND expression .)
    BIT_AND         reduce using rule 41 (expression -> expression BIT_AND expression .)
    BIT_OR          reduce using rule 41 (expression -> expression BIT_AND expression .)
    BIT_XOR         reduce using rule 41 (expression -> expression BIT_AND expression .)
    RPAREN          reduce using rule 41 (expression -> expression BIT_AND expression .)
    COMMA           reduce using rule 41 (expression -> expression BIT_AND expression .)
    RBRACKET        reduce using rule 41 (expression -> expression BIT_AND expression .)
    RANGE           reduce using rule 41 (expression -> expression BIT_AND expression .)
    PLUS            shift and go to state 54
    MINUS           shift and go to state 55
    TIMES           shift and go to state 56
    DIVIDE          shift and go to state 57
    MOD             shift and go to state 58
    EQ              shift and go to state 61
    NEQ             shift and go to state 62
    LT              shift and go to state 63
    LE              shift and go to state 64
    GT              shift and go to state 65
    GE              shift and go to state 66
    SHIFT_LEFT      shift and go to state 70
    SHIFT_RIGHT     shift and go to state 71

  ! PLUS            [ reduce using rule 41 (expression -> expression BIT_AND expression .) ]
  ! MINUS           [ reduce using rule 41 (expression -> expression BIT_AND expression .) ]
  ! TIMES           [ reduce using rule 41 (expression -> expression BIT_AND expression .) ]
  ! DIVIDE          [ reduce using rule 41 (expression -> expression BIT_AND expression .) ]
  ! MOD             [ reduce using rule 41 (expression -> expression BIT_AND expression .) ]
  ! EQ              [ reduce using rule 41 (expression -> expression BIT_AND expression .) ]
  ! NEQ             [ reduce using rule 41 (expression -> expression BIT_AND expression .) ]
  ! LT              [ reduce using rule 41 (expression -> expression BIT_AND expression .) ]
  ! LE              [ reduce using rule 41 (expression -> expression BIT_AND expression .) ]
  ! GT              [ reduce using rule 41 (expression -> expression BIT_AND expression .) ]
  ! GE              [ reduce using rule 41 (expression -> expression BIT_AND expression .) ]
  ! SHIFT_LEFT      [ reduce using rule 41 (expression -> expression BIT_AND expression .) ]
  ! SHIFT_RIGHT     [ reduce using rule 41 (expression -> expression BIT_AND expression .) ]
  ! AND             [ shift and go to state 59 ]
  ! OR              [ shift and go to state 60 ]
  ! BIT_AND         [ shift and go to state 67 ]
  ! BIT_OR          [ shift and go to state 68 ]
  ! BIT_XOR         [ shift and go to state 69 ]


state 117

    (42) expression -> expression BIT_OR expression .
    (28) expression -> expression . PLUS expression
    (29) expression -> expression . MINUS expression
    (30) expression -> expression . TIMES expression
    (31) expression -> expression . DIVIDE expression
    (32) expression -> expression . MOD expression
    (33) expression -> expression . AND expression
    (34) expression -> expression . OR expression
    (35) expression -> expression . EQ expression
    (36) expression -> expression . NEQ expression
    (37) expression -> expression . LT expression
    (38) expression -> expression . LE expression
    (39) expression -> expression . GT expression
    (40) expression -> expression . GE expression
    (41) expression -> expression . BIT_AND expression
    (42) expression -> expression . BIT_OR expression
    (43) expression -> expression . BIT_XOR expression
    (44) expression -> expression . SHIFT_LEFT expression
    (45) expression -> expression . SHIFT_RIGHT expression

    SEMI            reduce using rule 42 (expression -> expression BIT_OR expression .)
    AND             reduce using rule 42 (expression -> expression BIT_OR expression .)
    OR              reduce using rule 42 (expression -> expression BIT_OR expression .)
    BIT_OR          reduce using rule 42 (expression -> expression BIT_OR expression .)
    RPAREN          reduce using rule 42 (expression -> expression BIT_OR expression .)
    COMMA           reduce using rule 42 (expression -> expression BIT_OR expression .)
    RBRACKET        reduce using rule 42 (expression -> expression BIT_OR expression .)
    RANGE           reduce using rule 42 (expression -> expression BIT_OR expression .)
    PLUS            shift and go to state 54
    MINUS           shift and go to state 55
    TIMES           shift and go to state 56
    DIVIDE          shift and go to state 57
    MOD             shift and go to state 58
    EQ              shift and go to state 61
    NEQ             shift and go to state 62
    LT              shift and go to state 63
    LE              shift and go to state 64
    GT              shift and go to state 65
    GE              shift and go to state 66
    BIT_AND         shift and go to state 67
    BIT_XOR         shift and go to state 69
    SHIFT_LEFT      shift and go to state 70
    SHIFT_RIGHT     shift and go to state 71

  ! PLUS            [ reduce using rule 42 (expression -> expression BIT_OR expression .) ]
  ! MINUS           [ reduce using rule 42 (expression -> expression BIT_OR expression .) ]
  ! TIMES           [ reduce using rule 42 (expression -> expression BIT_OR expression .) ]
  ! DIVIDE          [ reduce using rule 42 (expression -> expression BIT_OR expression .) ]
  ! MOD             [ reduce using rule 42 (expression -> expression BIT_OR expression .) ]
  ! EQ              [ reduce using rule 42 (expression -> expression BIT_OR expression .) ]
  ! NEQ             [ reduce using rule 42 (expression -> expression BIT_OR expression .) ]
  ! LT              [ reduce using rule 42 (expression -> expression BIT_OR expression .) ]
  ! LE              [ reduce using rule 42 (expression -> expression BIT_OR expression .) ]
  ! GT              [ reduce using rule 42 (expression -> expression BIT_OR expression .) ]
  ! GE              [ reduce using rule 42 (expression -> expression BIT_OR expression .) ]
  ! BIT_AND         [ reduce using rule 42 (expression -> expression BIT_OR expression .) ]
  ! BIT_XOR         [ reduce using rule 42 (expression -> expression BIT_OR expression .) ]
  ! SHIFT_LEFT      [ reduce using rule 42 (expression -> expression BIT_OR expression .) ]
  ! SHIFT_RIGHT     [ reduce using rule 42 (expression -> expression BIT_OR expression .) ]
  ! AND             [ shift and go to state 59 ]
  ! OR              [ shift and go to state 60 ]
  ! BIT_OR          [ shift and go to state 68 ]


state 118

    (43) expression -> expression BIT_XOR expression .
    (28) expression -> expression . PLUS expression
    (29) expression -> expression . MINUS expression
    (30) expression -> expression . TIMES expression
    (31) expression -> expression . DIVIDE expression
    (32) expression -> expression . MOD expression
    (33) expression -> expression . AND expression
    (34) expression -> expression . OR expression
    (35) expression -> expression . EQ expression
    (36) expression -> expression . NEQ expression
    (37) expression -> expression . LT expression
    (38) expression -> expression . LE expression
    (39) expression -> expression . GT expression
    (40) expression -> expression . GE expression
    (41) expression -> expression . BIT_AND expression
    (42) expression -> expression . BIT_OR expression
    (43) expression -> expression . BIT_XOR expression
    (44) expression -> expression . SHIFT_LEFT expression
    (45) expression -> expression . SHIFT_RIGHT expression

    SEMI            reduce using rule 43 (expression -> expression BIT_XOR expression .)
    AND             reduce using rule 43 (expression -> expression BIT_XOR expression .)
    OR              reduce using rule 43 (expression -> expression BIT_XOR expression .)
    BIT_OR          reduce using rule 43 (expression -> expression BIT_XOR expression .)
    BIT_XOR         reduce using rule 43 (expression -> expression BIT_XOR expression .)
    RPAREN          reduce using rule 43 (expression -> expression BIT_XOR expression .)
    COMMA           reduce using rule 43 (expression -> expression BIT_XOR expression .)
    RBRACKET        reduce using rule 43 (expression -> expression BIT_XOR expression .)
    RANGE           reduce using rule 43 (expression -> expression BIT_XOR expression .)
    PLUS            shift and go to state 54
    MINUS           shift and go to state 55
    TIMES           shift and go to state 56
    DIVIDE          shift and go to state 57
    MOD             shift and go to state 58
    EQ              shift and go to state 61
    NEQ             shift and go to state 62
    LT              shift and go to state 63
    LE              shift and go to state 64
    GT              shift and go to state 65
    GE              shift and go to state 66
    BIT_AND         shift and go to state 67
    SHIFT_LEFT      shift and go to state 70
    SHIFT_RIGHT     shift and go to state 71

  ! PLUS            [ reduce using rule 43 (expression -> expression BIT_XOR expression .) ]
  ! MINUS           [ reduce using rule 43 (expression -> expression BIT_XOR expression .) ]
  ! TIMES           [ reduce using rule 43 (expression -> expression BIT_XOR expression .) ]
  ! DIVIDE          [ reduce using rule 43 (expression -> expression BIT_XOR expression .) ]
  ! MOD             [ reduce using rule 43 (expression -> expression BIT_XOR expression .) ]
  ! EQ              [ reduce using rule 43 (expression -> expression BIT_XOR expression .) ]
  ! NEQ             [ reduce using rule 43 (expression -> expression BIT_XOR expression .) ]
  ! LT              [ reduce using rule 43 (expression -> expression BIT_XOR expression .) ]
  ! LE              [ reduce using rule 43 (expression -> expression BIT_XOR expression .) ]
  ! GT              [ reduce using rule 43 (expression -> expression BIT_XOR expression .) ]
  ! GE              [ reduce using rule 43 (expression -> expression BIT_XOR expression .) ]
  ! BIT_AND         [ reduce using rule 43 (expression -> expression BIT_XOR expression .) ]
  ! SHIFT_LEFT      [ reduce using rule 43 (expression -> expression BIT_XOR expression .) ]
  ! SHIFT_RIGHT     [ reduce using rule 43 (expression -> expression BIT_XOR expression .) ]
  ! AND             [ shift and go to state 59 ]
  ! OR              [ shift and go to state 60 ]
  ! BIT_OR          [ shift and go to state 68 ]
  ! BIT_XOR         [ shift and go to state 69 ]


state 119

    (44) expression -> expression SHIFT_LEFT expression .
    (28) expression -> expression . PLUS expression
    (29) expression -> expression . MINUS expression
    (30) expression -> expression . TIMES expression
    (31) expression -> expression . DIVIDE expression
    (32) expression -> expression . MOD expression
    (33) expression -> expression . AND expression
    (34) expression -> expression . OR expression
    (35) expression -> expression . EQ expression
    (36) expression -> expression . NEQ expression
    (37) expression -> expression . LT expression
    (38) expression -> expression . LE expression
    (39) expression -> expression . GT expression
    (40) expression -> expression . GE expression
    (41) expression -> expression . BIT_AND expression
    (42) expression -> expression . BIT_OR expression
    (43) expression -> expression . BIT_XOR expression
    (44) expression -> expression . SHIFT_LEFT expression
    (45) expression -> expression . SHIFT_RIGHT expression

    SEMI            reduce using rule 44 (expression -> expression SHIFT_LEFT expression .)
    AND             reduce using rule 44 (expression -> expression SHIFT_LEFT expression .)
    OR              reduce using rule 44 (expression -> expression SHIFT_LEFT expression .)
    EQ              reduce using rule 44 (expression -> expression SHIFT_LEFT expression .)
    NEQ             reduce using rule 44 (expression -> expression SHIFT_LEFT expression .)
    LT              reduce using rule 44 (expression -> expression SHIFT_LEFT expression .)
    LE              reduce using rule 44 (expression -> expression SHIFT_LEFT expression .)
    GT              reduce using rule 44 (expression -> expression SHIFT_LEFT expression .)
    GE              reduce using rule 44 (expression -> expression SHIFT_LEFT expression .)
    BIT_AND         reduce using rule 44 (expression -> expression SHIFT_LEFT expression .)
    BIT_OR          reduce using rule 44 (expression -> expression SHIFT_LEFT expression .)
    BIT_XOR         reduce using rule 44 (expression -> expression SHIFT_LEFT expression .)
    SHIFT_LEFT      reduce using rule 44 (expression -> expression SHIFT_LEFT expression .)
    SHIFT_RIGHT     reduce using rule 44 (expression -> expression SHIFT_LEFT expression .)
    RPAREN          reduce using rule 44 (expression -> expression SHIFT_LEFT expression .)
    COMMA           reduce using rule 44 (expression -> expression SHIFT_LEFT expression .)
    RBRACKET        reduce using rule 44 (expression -> expression SHIFT_LEFT expression .)
    RANGE           reduce using rule 44 (expression -> expression SHIFT_LEFT expression .)
    PLUS            shift and go to state 54
    MINUS           shift and go to state 55
    TIMES           shift and go to state 56
    DIVIDE          shift and go to state 57
    MOD             shift and go to state 58

  ! PLUS            [ reduce using rule 44 (expression -> expression SHIFT_LEFT expression .) ]
  ! MINUS           [ reduce using rule 44 (expression -> expression SHIFT_LEFT expression .) ]
  ! TIMES           [ reduce using rule 44 (expression -> expression SHIFT_LEFT expression .) ]
  ! DIVIDE          [ reduce using rule 44 (expression -> expression SHIFT_LEFT expression .) ]
  ! MOD             [ reduce using rule 44 (expression -> expression SHIFT_LEFT expression .) ]
  ! AND             [ shift and go to state 59 ]
  ! OR              [ shift and go to state 60 ]
  ! EQ              [ shift and go to state 61 ]
  ! NEQ             [ shift and go to state 62 ]
  ! LT              [ shift and go to state 63 ]
  ! LE              [ shift and go to state 64 ]
  ! GT              [ shift and go to state 65 ]
  ! GE              [ shift and go to state 66 ]
  ! BIT_AND         [ shift and go to state 67 ]
  ! BIT_OR          [ shift and go to state 68 ]
  ! BIT_XOR         [ shift and go to state 69 ]
  ! SHIFT_LEFT      [ shift and go to state 70 ]
  ! SHIFT_RIGHT     [ shift and go to state 71 ]


state 120

    (45) expression -> expression SHIFT_RIGHT expression .
    (28) expression -> expression . PLUS expression
    (29) expression -> expression . MINUS expression
    (30) expression -> expression . TIMES expression
    (31) expression -> expression . DIVIDE expression
    (32) expression -> expression . MOD expression
    (33) expression -> expression . AND expression
    (34) expression -> expression . OR expression
    (35) expression -> expression . EQ expression
    (36) expression -> expression . NEQ expression
    (37) expression -> expression . LT expression
    (38) expression -> expression . LE expression
    (39) expression -> expression . GT expression
    (40) expression -> expression . GE expression
    (41) expression -> expression . BIT_AND expression
    (42) expression -> expression . BIT_OR expression
    (43) expression -> expression . BIT_XOR expression
    (44) expression -> expression . SHIFT_LEFT expression
    (45) expression -> expression . SHIFT_RIGHT expression

    SEMI            reduce using rule 45 (expression -> expression SHIFT_RIGHT expression .)
    AND             reduce using rule 45 (expression -> expression SHIFT_RIGHT expression .)
    OR              reduce using rule 45 (expression -> expression SHIFT_RIGHT expression .)
    EQ              reduce using rule 45 (expression -> expression SHIFT_RIGHT expression .)
    NEQ             reduce using rule 45 (expression -> expression SHIFT_RIGHT expression .)
    LT              reduce using rule 45 (expression -> expression SHIFT_RIGHT expression .)
    LE              reduce using rule 45 (expression -> expression SHIFT_RIGHT expression .)
    GT              reduce using rule 45 (expression -> expression SHIFT_RIGHT expression .)
    GE              reduce using rule 45 (expression -> expression SHIFT_RIGHT expression .)
    BIT_AND         reduce using rule 45 (expression -> expression SHIFT_RIGHT expression .)
    BIT_OR          reduce using rule 45 (expression -> expression SHIFT_RIGHT expression .)
    BIT_XOR         reduce using rule 45 (expression -> expression SHIFT_RIGHT expression .)
    SHIFT_LEFT      reduce using rule 45 (expression -> expression SHIFT_RIGHT expression .)
    SHIFT_RIGHT     reduce using rule 45 (expression -> expression SHIFT_RIGHT expression .)
    RPAREN          reduce using rule 45 (expression -> expression SHIFT_RIGHT expression .)
    COMMA           reduce using rule 45 (expression -> expression SHIFT_RIGHT expression .)
    RBRACKET        reduce using rule 45 (expression -> expression SHIFT_RIGHT expression .)
    RANGE           reduce using rule 45 (expression -> expression SHIFT_RIGHT expression .)
    PLUS            shift and go to state 54
    MINUS           shift and go to state 55
    TIMES           shift and go to state 56
    DIVIDE          shift and go to state 57
    MOD             shift and go to state 58

  ! PLUS            [ reduce using rule 45 (expression -> expression SHIFT_RIGHT expression .) ]
  ! MINUS           [ reduce using rule 45 (expression -> expression SHIFT_RIGHT expression .) ]
  ! TIMES           [ reduce using rule 45 (expression -> expression SHIFT_RIGHT expression .) ]
  ! DIVIDE          [ reduce using rule 45 (expression -> expression SHIFT_RIGHT expression .) ]
  ! MOD             [ reduce using rule 45 (expression -> expression SHIFT_RIGHT expression .) ]
  ! AND             [ shift and go to state 59 ]
  ! OR              [ shift and go to state 60 ]
  ! EQ              [ shift and go to state 61 ]
  ! NEQ             [ shift and go to state 62 ]
  ! LT              [ shift and go to state 63 ]
  ! LE              [ shift and go to state 64 ]
  ! GT              [ shift and go to state 65 ]
  ! GE              [ shift and go to state 66 ]
  ! BIT_AND         [ shift and go to state 67 ]
  ! BIT_OR          [ shift and go to state 68 ]
  ! BIT_XOR         [ shift and go to state 69 ]
  ! SHIFT_LEFT      [ shift and go to state 70 ]
  ! SHIFT_RIGHT     [ shift and go to state 71 ]


state 121

    (54) expression -> ID .
    (55) expression -> ID . LBRACKET expression RBRACKET
    (56) expression -> ID . DOT ID
    (70) func_call -> ID . LPAREN arg_list_opt RPAREN
    (71) func_call -> ID . DOT ID LPAREN arg_list_opt RPAREN
    (78) arg -> ID .

  ! reduce/reduce conflict for COMMA resolved using rule 54 (expression -> ID .)
  ! reduce/reduce conflict for RPAREN resolved using rule 54 (expression -> ID .)
    RPAREN          reduce using rule 54 (expression -> ID .)
    PLUS            reduce using rule 54 (expression -> ID .)
    MINUS           reduce using rule 54 (expression -> ID .)
    TIMES           reduce using rule 54 (expression -> ID .)
    DIVIDE          reduce using rule 54 (expression -> ID .)
    MOD             reduce using rule 54 (expression -> ID .)
    AND             reduce using rule 54 (expression -> ID .)
    OR              reduce using rule 54 (expression -> ID .)
    EQ              reduce using rule 54 (expression -> ID .)
    NEQ             reduce using rule 54 (expression -> ID .)
    LT              reduce using rule 54 (expression -> ID .)
    LE              reduce using rule 54 (expression -> ID .)
    GT              reduce using rule 54 (expression -> ID .)
    GE              reduce using rule 54 (expression -> ID .)
    BIT_AND         reduce using rule 54 (expression -> ID .)
    BIT_OR          reduce using rule 54 (expression -> ID .)
    BIT_XOR         reduce using rule 54 (expression -> ID .)
    SHIFT_LEFT      reduce using rule 54 (expression -> ID .)
    SHIFT_RIGHT     reduce using rule 54 (expression -> ID .)
    COMMA           reduce using rule 54 (expression -> ID .)
    LBRACKET        shift and go to state 130
    DOT             shift and go to state 131
    LPAREN          shift and go to state 132

  ! COMMA           [ reduce using rule 78 (arg -> ID .) ]
  ! RPAREN          [ reduce using rule 78 (arg -> ID .) ]


state 122

    (102) statement -> ID LPAREN expression . RPAREN SEMI
    (28) expression -> expression . PLUS expression
    (29) expression -> expression . MINUS expression
    (30) expression -> expression . TIMES expression
    (31) expression -> expression . DIVIDE expression
    (32) expression -> expression . MOD expression
    (33) expression -> expression . AND expression
    (34) expression -> expression . OR expression
    (35) expression -> expression . EQ expression
    (36) expression -> expression . NEQ expression
    (37) expression -> expression . LT expression
    (38) expression -> expression . LE expression
    (39) expression -> expression . GT expression
    (40) expression -> expression . GE expression
    (41) expression -> expression . BIT_AND expression
    (42) expression -> expression . BIT_OR expression
    (43) expression -> expression . BIT_XOR expression
    (44) expression -> expression . SHIFT_LEFT expression
    (45) expression -> expression . SHIFT_RIGHT expression
    (79) arg -> expression .

  ! shift/reduce conflict for RPAREN resolved as shift
    RPAREN          shift and go to state 151
    PLUS            shift and go to state 54
    MINUS           shift and go to state 55
    TIMES           shift and go to state 56
    DIVIDE          shift and go to state 57
    MOD             shift and go to state 58
    AND             shift and go to state 59
    OR              shift and go to state 60
    EQ              shift and go to state 61
    NEQ             shift and go to state 62
    LT              shift and go to state 63
    LE              shift and go to state 64
    GT              shift and go to state 65
    GE              shift and go to state 66
    BIT_AND         shift and go to state 67
    BIT_OR          shift and go to state 68
    BIT_XOR         shift and go to state 69
    SHIFT_LEFT      shift and go to state 70
    SHIFT_RIGHT     shift and go to state 71
    COMMA           reduce using rule 79 (arg -> expression .)

  ! RPAREN          [ reduce using rule 79 (arg -> expression .) ]


state 123

    (70) func_call -> ID LPAREN arg_list_opt . RPAREN

    RPAREN          shift and go to state 152


state 124

    (74) arg_list_opt -> arg_list .

    RPAREN          reduce using rule 74 (arg_list_opt -> arg_list .)


state 125

    (75) arg_list_opt -> empty .

    RPAREN          reduce using rule 75 (arg_list_opt -> empty .)


state 126

    (76) arg_list -> arg . COMMA arg_list
    (77) arg_list -> arg .

    COMMA           shift and go to state 153
    RPAREN          reduce using rule 77 (arg_list -> arg .)


state 127

    (55) expression -> ID LBRACKET expression . RBRACKET
    (93) lvalue -> ID LBRACKET expression . RBRACKET
    (28) expression -> expression . PLUS expression
    (29) expression -> expression . MINUS expression
    (30) expression -> expression . TIMES expression
    (31) expression -> expression . DIVIDE expression
    (32) expression -> expression . MOD expression
    (33) expression -> expression . AND expression
    (34) expression -> expression . OR expression
    (35) expression -> expression . EQ expression
    (36) expression -> expression . NEQ expression
    (37) expression -> expression . LT expression
    (38) expression -> expression . LE expression
    (39) expression -> expression . GT expression
    (40) expression -> expression . GE expression
    (41) expression -> expression . BIT_AND expression
    (42) expression -> expression . BIT_OR expression
    (43) expression -> expression . BIT_XOR expression
    (44) expression -> expression . SHIFT_LEFT expression
    (45) expression -> expression . SHIFT_RIGHT expression

    RBRACKET        shift and go to state 154
    PLUS            shift and go to state 54
    MINUS           shift and go to state 55
    TIMES           shift and go to state 56
    DIVIDE          shift and go to state 57
    MOD             shift and go to state 58
    AND             shift and go to state 59
    OR              shift and go to state 60
    EQ              shift and go to state 61
    NEQ             shift and go to state 62
    LT              shift and go to state 63
    LE              shift and go to state 64
    GT              shift and go to state 65
    GE              shift and go to state 66
    BIT_AND         shift and go to state 67
    BIT_OR          shift and go to state 68
    BIT_XOR         shift and go to state 69
    SHIFT_LEFT      shift and go to state 70
    SHIFT_RIGHT     shift and go to state 71


state 128

    (56) expression -> ID DOT ID .
    (92) lvalue -> ID DOT ID .
    (71) func_call -> ID DOT ID . LPAREN arg_list_opt RPAREN

    SEMI            reduce using rule 56 (expression -> ID DOT ID .)
    PLUS            reduce using rule 56 (expression -> ID DOT ID .)
    MINUS           reduce using rule 56 (expression -> ID DOT ID .)
    TIMES           reduce using rule 56 (expression -> ID DOT ID .)
    DIVIDE          reduce using rule 56 (expression -> ID DOT ID .)
    MOD             reduce using rule 56 (expression -> ID DOT ID .)
    AND             reduce using rule 56 (expression -> ID DOT ID .)
    OR              reduce using rule 56 (expression -> ID DOT ID .)
    EQ              reduce using rule 56 (expression -> ID DOT ID .)
    NEQ             reduce using rule 56 (expression -> ID DOT ID .)
    LT              reduce using rule 56 (expression -> ID DOT ID .)
    LE              reduce using rule 56 (expression -> ID DOT ID .)
    GT              reduce using rule 56 (expression -> ID DOT ID .)
    GE              reduce using rule 56 (expression -> ID DOT ID .)
    BIT_AND         reduce using rule 56 (expression -> ID DOT ID .)
    BIT_OR          reduce using rule 56 (expression -> ID DOT ID .)
    BIT_XOR         reduce using rule 56 (expression -> ID DOT ID .)
    SHIFT_LEFT      reduce using rule 56 (expression -> ID DOT ID .)
    SHIFT_RIGHT     reduce using rule 56 (expression -> ID DOT ID .)
    ASSIGN          reduce using rule 92 (lvalue -> ID DOT ID .)
    LPAREN          shift and go to state 155


state 129

    (51) expression -> LPAREN expression RPAREN .

    SEMI            reduce using rule 51 (expression -> LPAREN expression RPAREN .)
    PLUS            reduce using rule 51 (expression -> LPAREN expression RPAREN .)
    MINUS           reduce using rule 51 (expression -> LPAREN expression RPAREN .)
    TIMES           reduce using rule 51 (expression -> LPAREN expression RPAREN .)
    DIVIDE          reduce using rule 51 (expression -> LPAREN expression RPAREN .)
    MOD             reduce using rule 51 (expression -> LPAREN expression RPAREN .)
    AND             reduce using rule 51 (expression -> LPAREN expression RPAREN .)
    OR              reduce using rule 51 (expression -> LPAREN expression RPAREN .)
    EQ              reduce using rule 51 (expression -> LPAREN expression RPAREN .)
    NEQ             reduce using rule 51 (expression -> LPAREN expression RPAREN .)
    LT              reduce using rule 51 (expression -> LPAREN expression RPAREN .)
    LE              reduce using rule 51 (expression -> LPAREN expression RPAREN .)
    GT              reduce using rule 51 (expression -> LPAREN expression RPAREN .)
    GE              reduce using rule 51 (expression -> LPAREN expression RPAREN .)
    BIT_AND         reduce using rule 51 (expression -> LPAREN expression RPAREN .)
    BIT_OR          reduce using rule 51 (expression -> LPAREN expression RPAREN .)
    BIT_XOR         reduce using rule 51 (expression -> LPAREN expression RPAREN .)
    SHIFT_LEFT      reduce using rule 51 (expression -> LPAREN expression RPAREN .)
    SHIFT_RIGHT     reduce using rule 51 (expression -> LPAREN expression RPAREN .)
    RPAREN          reduce using rule 51 (expression -> LPAREN expression RPAREN .)
    COMMA           reduce using rule 51 (expression -> LPAREN expression RPAREN .)
    RBRACKET        reduce using rule 51 (expression -> LPAREN expression RPAREN .)
    RANGE           reduce using rule 51 (expression -> LPAREN expression RPAREN .)


state 130

    (55) expression -> ID LBRACKET . expression RBRACKET
    (28) expression -> . expression PLUS expression
    (29) expression -> . expression MINUS expression
    (30) expression -> . expression TIMES expression
    (31) expression -> . expression DIVIDE expression
    (32) expression -> . expression MOD expression
    (33) expression -> . expression AND expression
    (34) expression -> . expression OR expression
    (35) expression -> . expression EQ expression
    (36) expression -> . expression NEQ expression
    (37) expression -> . expression LT expression
    (38) expression -> . expression LE expression
    (39) expression -> . expression GT expression
    (40) expression -> . expression GE expression
    (41) expression -> . expression BIT_AND expression
    (42) expression -> . expression BIT_OR expression
    (43) expression -> . expression BIT_XOR expression
    (44) expression -> . expression SHIFT_LEFT expression
    (45) expression -> . expression SHIFT_RIGHT expression
    (46) expression -> . MINUS expression
    (47) expression -> . NOT expression
    (48) expression -> . BIT_NOT expression
    (49) expression -> . INCREMENT expression
    (50) expression -> . DECREMENT expression
    (51) expression -> . LPAREN expression RPAREN
    (52) expression -> . INTEGER
    (53) expression -> . FLOAT
    (54) expression -> . ID
    (55) expression -> . ID LBRACKET expression RBRACKET
    (56) expression -> . ID DOT ID
    (57) expression -> . func_call
    (58) expression -> . STRING
    (59) expression -> . TRUE
    (60) expression -> . FALSE
    (70) func_call -> . ID LPAREN arg_list_opt RPAREN
    (71) func_call -> . ID DOT ID LPAREN arg_list_opt RPAREN

    MINUS           shift and go to state 22
    NOT             shift and go to state 23
    BIT_NOT         shift and go to state 24
    INCREMENT       shift and go to state 25
    DECREMENT       shift and go to state 26
    LPAREN          shift and go to state 19
    INTEGER         shift and go to state 27
    FLOAT           shift and go to state 28
    ID              shift and go to state 76
    STRING          shift and go to state 30
    TRUE            shift and go to state 31
    FALSE           shift and go to state 32

    expression                     shift and go to state 156
    func_call                      shift and go to state 77

state 131

    (56) expression -> ID DOT . ID
    (71) func_call -> ID DOT . ID LPAREN arg_list_opt RPAREN

    ID              shift and go to state 157


state 132

    (70) func_call -> ID LPAREN . arg_list_opt RPAREN
    (74) arg_list_opt -> . arg_list
    (75) arg_list_opt -> . empty
    (76) arg_list -> . arg COMMA arg_list
    (77) arg_list -> . arg
    (104) empty -> .
    (78) arg -> . ID
    (79) arg -> . expression
    (28) expression -> . expression PLUS expression
    (29) expression -> . expression MINUS expression
    (30) expression -> . expression TIMES expression
    (31) expression -> . expression DIVIDE expression
    (32) expression -> . expression MOD expression
    (33) expression -> . expression AND expression
    (34) expression -> . expression OR expression
    (35) expression -> . expression EQ expression
    (36) expression -> . expression NEQ expression
    (37) expression -> . expression LT expression
    (38) expression -> . expression LE expression
    (39) expression -> . expression GT expression
    (40) expression -> . expression GE expression
    (41) expression -> . expression BIT_AND expression
    (42) expression -> . expression BIT_OR expression
    (43) expression -> . expression BIT_XOR expression
    (44) expression -> . expression SHIFT_LEFT expression
    (45) expression -> . expression SHIFT_RIGHT expression
    (46) expression -> . MINUS expression
    (47) expression -> . NOT expression
    (48) expression -> . BIT_NOT expression
    (49) expression -> . INCREMENT expression
    (50) expression -> . DECREMENT expression
    (51) expression -> . LPAREN expression RPAREN
    (52) expression -> . INTEGER
    (53) expression -> . FLOAT
    (54) expression -> . ID
    (55) expression -> . ID LBRACKET expression RBRACKET
    (56) expression -> . ID DOT ID
    (57) expression -> . func_call
    (58) expression -> . STRING
    (59) expression -> . TRUE
    (60) expression -> . FALSE
    (70) func_call -> . ID LPAREN arg_list_opt RPAREN
    (71) func_call -> . ID DOT ID LPAREN arg_list_opt RPAREN

    RPAREN          reduce using rule 104 (empty -> .)
    ID              shift and go to state 158
    MINUS           shift and go to state 22
    NOT             shift and go to state 23
    BIT_NOT         shift and go to state 24
    INCREMENT       shift and go to state 25
    DECREMENT       shift and go to state 26
    LPAREN          shift and go to state 19
    INTEGER         shift and go to state 27
    FLOAT           shift and go to state 28
    STRING          shift and go to state 30
    TRUE            shift and go to state 31
    FALSE           shift and go to state 32

    arg_list_opt                   shift and go to state 123
    arg_list                       shift and go to state 124
    empty                          shift and go to state 125
    arg                            shift and go to state 126
    expression                     shift and go to state 159
    func_call                      shift and go to state 77

state 133

    (18) declaration -> type ID SEMI .

    ID              reduce using rule 18 (declaration -> type ID SEMI .)
    MINUS           reduce using rule 18 (declaration -> type ID SEMI .)
    NOT             reduce using rule 18 (declaration -> type ID SEMI .)
    BIT_NOT         reduce using rule 18 (declaration -> type ID SEMI .)
    INCREMENT       reduce using rule 18 (declaration -> type ID SEMI .)
    DECREMENT       reduce using rule 18 (declaration -> type ID SEMI .)
    LPAREN          reduce using rule 18 (declaration -> type ID SEMI .)
    INTEGER         reduce using rule 18 (declaration -> type ID SEMI .)
    FLOAT           reduce using rule 18 (declaration -> type ID SEMI .)
    STRING          reduce using rule 18 (declaration -> type ID SEMI .)
    TRUE            reduce using rule 18 (declaration -> type ID SEMI .)
    FALSE           reduce using rule 18 (declaration -> type ID SEMI .)
    IF              reduce using rule 18 (declaration -> type ID SEMI .)
    WHILE           reduce using rule 18 (declaration -> type ID SEMI .)
    OUTPUT          reduce using rule 18 (declaration -> type ID SEMI .)
    INPUT           reduce using rule 18 (declaration -> type ID SEMI .)
    RETURN          reduce using rule 18 (declaration -> type ID SEMI .)
    BREAK           reduce using rule 18 (declaration -> type ID SEMI .)
    CONTINUE        reduce using rule 18 (declaration -> type ID SEMI .)
    INT_TYPE        reduce using rule 18 (declaration -> type ID SEMI .)
    FLOAT_TYPE      reduce using rule 18 (declaration -> type ID SEMI .)
    STRING_TYPE     reduce using rule 18 (declaration -> type ID SEMI .)
    BOOL_TYPE       reduce using rule 18 (declaration -> type ID SEMI .)
    CHAR_TYPE       reduce using rule 18 (declaration -> type ID SEMI .)
    VOID_TYPE       reduce using rule 18 (declaration -> type ID SEMI .)
    FOR             reduce using rule 18 (declaration -> type ID SEMI .)
    FUNC            reduce using rule 18 (declaration -> type ID SEMI .)
    ADT             reduce using rule 18 (declaration -> type ID SEMI .)
    $end            reduce using rule 18 (declaration -> type ID SEMI .)
    ENDFOR          reduce using rule 18 (declaration -> type ID SEMI .)
    ENDFUNC         reduce using rule 18 (declaration -> type ID SEMI .)
    ENDIF           reduce using rule 18 (declaration -> type ID SEMI .)
    ELSE            reduce using rule 18 (declaration -> type ID SEMI .)
    ENDWHILE        reduce using rule 18 (declaration -> type ID SEMI .)


state 134

    (19) declaration -> type ID ASSIGN . expression SEMI
    (28) expression -> . expression PLUS expression
    (29) expression -> . expression MINUS expression
    (30) expression -> . expression TIMES expression
    (31) expression -> . expression DIVIDE expression
    (32) expression -> . expression MOD expression
    (33) expression -> . expression AND expression
    (34) expression -> . expression OR expression
    (35) expression -> . expression EQ expression
    (36) expression -> . expression NEQ expression
    (37) expression -> . expression LT expression
    (38) expression -> . expression LE expression
    (39) expression -> . expression GT expression
    (40) expression -> . expression GE expression
    (41) expression -> . expression BIT_AND expression
    (42) expression -> . expression BIT_OR expression
    (43) expression -> . expression BIT_XOR expression
    (44) expression -> . expression SHIFT_LEFT expression
    (45) expression -> . expression SHIFT_RIGHT expression
    (46) expression -> . MINUS expression
    (47) expression -> . NOT expression
    (48) expression -> . BIT_NOT expression
    (49) expression -> . INCREMENT expression
    (50) expression -> . DECREMENT expression
    (51) expression -> . LPAREN expression RPAREN
    (52) expression -> . INTEGER
    (53) expression -> . FLOAT
    (54) expression -> . ID
    (55) expression -> . ID LBRACKET expression RBRACKET
    (56) expression -> . ID DOT ID
    (57) expression -> . func_call
    (58) expression -> . STRING
    (59) expression -> . TRUE
    (60) expression -> . FALSE
    (70) func_call -> . ID LPAREN arg_list_opt RPAREN
    (71) func_call -> . ID DOT ID LPAREN arg_list_opt RPAREN

    MINUS           shift and go to state 22
    NOT             shift and go to state 23
    BIT_NOT         shift and go to state 24
    INCREMENT       shift and go to state 25
    DECREMENT       shift and go to state 26
    LPAREN          shift and go to state 19
    INTEGER         shift and go to state 27
    FLOAT           shift and go to state 28
    ID              shift and go to state 76
    STRING          shift and go to state 30
    TRUE            shift and go to state 31
    FALSE           shift and go to state 32

    expression                     shift and go to state 160
    func_call                      shift and go to state 77

state 135

    (20) declaration -> type ID LBRACKET . expression RBRACKET SEMI
    (28) expression -> . expression PLUS expression
    (29) expression -> . expression MINUS expression
    (30) expression -> . expression TIMES expression
    (31) expression -> . expression DIVIDE expression
    (32) expression -> . expression MOD expression
    (33) expression -> . expression AND expression
    (34) expression -> . expression OR expression
    (35) expression -> . expression EQ expression
    (36) expression -> . expression NEQ expression
    (37) expression -> . expression LT expression
    (38) expression -> . expression LE expression
    (39) expression -> . expression GT expression
    (40) expression -> . expression GE expression
    (41) expression -> . expression BIT_AND expression
    (42) expression -> . expression BIT_OR expression
    (43) expression -> . expression BIT_XOR expression
    (44) expression -> . expression SHIFT_LEFT expression
    (45) expression -> . expression SHIFT_RIGHT expression
    (46) expression -> . MINUS expression
    (47) expression -> . NOT expression
    (48) expression -> . BIT_NOT expression
    (49) expression -> . INCREMENT expression
    (50) expression -> . DECREMENT expression
    (51) expression -> . LPAREN expression RPAREN
    (52) expression -> . INTEGER
    (53) expression -> . FLOAT
    (54) expression -> . ID
    (55) expression -> . ID LBRACKET expression RBRACKET
    (56) expression -> . ID DOT ID
    (57) expression -> . func_call
    (58) expression -> . STRING
    (59) expression -> . TRUE
    (60) expression -> . FALSE
    (70) func_call -> . ID LPAREN arg_list_opt RPAREN
    (71) func_call -> . ID DOT ID LPAREN arg_list_opt RPAREN

    MINUS           shift and go to state 22
    NOT             shift and go to state 23
    BIT_NOT         shift and go to state 24
    INCREMENT       shift and go to state 25
    DECREMENT       shift and go to state 26
    LPAREN          shift and go to state 19
    INTEGER         shift and go to state 27
    FLOAT           shift and go to state 28
    ID              shift and go to state 76
    STRING          shift and go to state 30
    TRUE            shift and go to state 31
    FALSE           shift and go to state 32

    expression                     shift and go to state 161
    func_call                      shift and go to state 77

state 136

    (90) assignment -> lvalue ASSIGN expression . SEMI
    (28) expression -> expression . PLUS expression
    (29) expression -> expression . MINUS expression
    (30) expression -> expression . TIMES expression
    (31) expression -> expression . DIVIDE expression
    (32) expression -> expression . MOD expression
    (33) expression -> expression . AND expression
    (34) expression -> expression . OR expression
    (35) expression -> expression . EQ expression
    (36) expression -> expression . NEQ expression
    (37) expression -> expression . LT expression
    (38) expression -> expression . LE expression
    (39) expression -> expression . GT expression
    (40) expression -> expression . GE expression
    (41) expression -> expression . BIT_AND expression
    (42) expression -> expression . BIT_OR expression
    (43) expression -> expression . BIT_XOR expression
    (44) expression -> expression . SHIFT_LEFT expression
    (45) expression -> expression . SHIFT_RIGHT expression

    SEMI            shift and go to state 162
    PLUS            shift and go to state 54
    MINUS           shift and go to state 55
    TIMES           shift and go to state 56
    DIVIDE          shift and go to state 57
    MOD             shift and go to state 58
    AND             shift and go to state 59
    OR              shift and go to state 60
    EQ              shift and go to state 61
    NEQ             shift and go to state 62
    LT              shift and go to state 63
    LE              shift and go to state 64
    GT              shift and go to state 65
    GE              shift and go to state 66
    BIT_AND         shift and go to state 67
    BIT_OR          shift and go to state 68
    BIT_XOR         shift and go to state 69
    SHIFT_LEFT      shift and go to state 70
    SHIFT_RIGHT     shift and go to state 71


state 137

    (98) if_stmt -> IF LPAREN expression . RPAREN COLON statements ENDIF
    (99) if_stmt -> IF LPAREN expression . RPAREN COLON statements ELSE COLON statements ENDIF
    (28) expression -> expression . PLUS expression
    (29) expression -> expression . MINUS expression
    (30) expression -> expression . TIMES expression
    (31) expression -> expression . DIVIDE expression
    (32) expression -> expression . MOD expression
    (33) expression -> expression . AND expression
    (34) expression -> expression . OR expression
    (35) expression -> expression . EQ expression
    (36) expression -> expression . NEQ expression
    (37) expression -> expression . LT expression
    (38) expression -> expression . LE expression
    (39) expression -> expression . GT expression
    (40) expression -> expression . GE expression
    (41) expression -> expression . BIT_AND expression
    (42) expression -> expression . BIT_OR expression
    (43) expression -> expression . BIT_XOR expression
    (44) expression -> expression . SHIFT_LEFT expression
    (45) expression -> expression . SHIFT_RIGHT expression

    RPAREN          shift and go to state 163
    PLUS            shift and go to state 54
    MINUS           shift and go to state 55
    TIMES           shift and go to state 56
    DIVIDE          shift and go to state 57
    MOD             shift and go to state 58
    AND             shift and go to state 59
    OR              shift and go to state 60
    EQ              shift and go to state 61
    NEQ             shift and go to state 62
    LT              shift and go to state 63
    LE              shift and go to state 64
    GT              shift and go to state 65
    GE              shift and go to state 66
    BIT_AND         shift and go to state 67
    BIT_OR          shift and go to state 68
    BIT_XOR         shift and go to state 69
    SHIFT_LEFT      shift and go to state 70
    SHIFT_RIGHT     shift and go to state 71


state 138

    (100) while_stmt -> WHILE LPAREN expression . RPAREN COLON statements ENDWHILE
    (28) expression -> expression . PLUS expression
    (29) expression -> expression . MINUS expression
    (30) expression -> expression . TIMES expression
    (31) expression -> expression . DIVIDE expression
    (32) expression -> expression . MOD expression
    (33) expression -> expression . AND expression
    (34) expression -> expression . OR expression
    (35) expression -> expression . EQ expression
    (36) expression -> expression . NEQ expression
    (37) expression -> expression . LT expression
    (38) expression -> expression . LE expression
    (39) expression -> expression . GT expression
    (40) expression -> expression . GE expression
    (41) expression -> expression . BIT_AND expression
    (42) expression -> expression . BIT_OR expression
    (43) expression -> expression . BIT_XOR expression
    (44) expression -> expression . SHIFT_LEFT expression
    (45) expression -> expression . SHIFT_RIGHT expression

    RPAREN          shift and go to state 164
    PLUS            shift and go to state 54
    MINUS           shift and go to state 55
    TIMES           shift and go to state 56
    DIVIDE          shift and go to state 57
    MOD             shift and go to state 58
    AND             shift and go to state 59
    OR              shift and go to state 60
    EQ              shift and go to state 61
    NEQ             shift and go to state 62
    LT              shift and go to state 63
    LE              shift and go to state 64
    GT              shift and go to state 65
    GE              shift and go to state 66
    BIT_AND         shift and go to state 67
    BIT_OR          shift and go to state 68
    BIT_XOR         shift and go to state 69
    SHIFT_LEFT      shift and go to state 70
    SHIFT_RIGHT     shift and go to state 71


state 139

    (94) for_stmt -> for_header statements ENDFOR .

    ID              reduce using rule 94 (for_stmt -> for_header statements ENDFOR .)
    MINUS           reduce using rule 94 (for_stmt -> for_header statements ENDFOR .)
    NOT             reduce using rule 94 (for_stmt -> for_header statements ENDFOR .)
    BIT_NOT         reduce using rule 94 (for_stmt -> for_header statements ENDFOR .)
    INCREMENT       reduce using rule 94 (for_stmt -> for_header statements ENDFOR .)
    DECREMENT       reduce using rule 94 (for_stmt -> for_header statements ENDFOR .)
    LPAREN          reduce using rule 94 (for_stmt -> for_header statements ENDFOR .)
    INTEGER         reduce using rule 94 (for_stmt -> for_header statements ENDFOR .)
    FLOAT           reduce using rule 94 (for_stmt -> for_header statements ENDFOR .)
    STRING          reduce using rule 94 (for_stmt -> for_header statements ENDFOR .)
    TRUE            reduce using rule 94 (for_stmt -> for_header statements ENDFOR .)
    FALSE           reduce using rule 94 (for_stmt -> for_header statements ENDFOR .)
    IF              reduce using rule 94 (for_stmt -> for_header statements ENDFOR .)
    WHILE           reduce using rule 94 (for_stmt -> for_header statements ENDFOR .)
    OUTPUT          reduce using rule 94 (for_stmt -> for_header statements ENDFOR .)
    INPUT           reduce using rule 94 (for_stmt -> for_header statements ENDFOR .)
    RETURN          reduce using rule 94 (for_stmt -> for_header statements ENDFOR .)
    BREAK           reduce using rule 94 (for_stmt -> for_header statements ENDFOR .)
    CONTINUE        reduce using rule 94 (for_stmt -> for_header statements ENDFOR .)
    INT_TYPE        reduce using rule 94 (for_stmt -> for_header statements ENDFOR .)
    FLOAT_TYPE      reduce using rule 94 (for_stmt -> for_header statements ENDFOR .)
    STRING_TYPE     reduce using rule 94 (for_stmt -> for_header statements ENDFOR .)
    BOOL_TYPE       reduce using rule 94 (for_stmt -> for_header statements ENDFOR .)
    CHAR_TYPE       reduce using rule 94 (for_stmt -> for_header statements ENDFOR .)
    VOID_TYPE       reduce using rule 94 (for_stmt -> for_header statements ENDFOR .)
    FOR             reduce using rule 94 (for_stmt -> for_header statements ENDFOR .)
    FUNC            reduce using rule 94 (for_stmt -> for_header statements ENDFOR .)
    ADT             reduce using rule 94 (for_stmt -> for_header statements ENDFOR .)
    $end            reduce using rule 94 (for_stmt -> for_header statements ENDFOR .)
    ENDFOR          reduce using rule 94 (for_stmt -> for_header statements ENDFOR .)
    ENDFUNC         reduce using rule 94 (for_stmt -> for_header statements ENDFOR .)
    ENDIF           reduce using rule 94 (for_stmt -> for_header statements ENDFOR .)
    ELSE            reduce using rule 94 (for_stmt -> for_header statements ENDFOR .)
    ENDWHILE        reduce using rule 94 (for_stmt -> for_header statements ENDFOR .)


state 140

    (101) output_stmt -> OUTPUT expression SEMI .

    ID              reduce using rule 101 (output_stmt -> OUTPUT expression SEMI .)
    MINUS           reduce using rule 101 (output_stmt -> OUTPUT expression SEMI .)
    NOT             reduce using rule 101 (output_stmt -> OUTPUT expression SEMI .)
    BIT_NOT         reduce using rule 101 (output_stmt -> OUTPUT expression SEMI .)
    INCREMENT       reduce using rule 101 (output_stmt -> OUTPUT expression SEMI .)
    DECREMENT       reduce using rule 101 (output_stmt -> OUTPUT expression SEMI .)
    LPAREN          reduce using rule 101 (output_stmt -> OUTPUT expression SEMI .)
    INTEGER         reduce using rule 101 (output_stmt -> OUTPUT expression SEMI .)
    FLOAT           reduce using rule 101 (output_stmt -> OUTPUT expression SEMI .)
    STRING          reduce using rule 101 (output_stmt -> OUTPUT expression SEMI .)
    TRUE            reduce using rule 101 (output_stmt -> OUTPUT expression SEMI .)
    FALSE           reduce using rule 101 (output_stmt -> OUTPUT expression SEMI .)
    IF              reduce using rule 101 (output_stmt -> OUTPUT expression SEMI .)
    WHILE           reduce using rule 101 (output_stmt -> OUTPUT expression SEMI .)
    OUTPUT          reduce using rule 101 (output_stmt -> OUTPUT expression SEMI .)
    INPUT           reduce using rule 101 (output_stmt -> OUTPUT expression SEMI .)
    RETURN          reduce using rule 101 (output_stmt -> OUTPUT expression SEMI .)
    BREAK           reduce using rule 101 (output_stmt -> OUTPUT expression SEMI .)
    CONTINUE        reduce using rule 101 (output_stmt -> OUTPUT expression SEMI .)
    INT_TYPE        reduce using rule 101 (output_stmt -> OUTPUT expression SEMI .)
    FLOAT_TYPE      reduce using rule 101 (output_stmt -> OUTPUT expression SEMI .)
    STRING_TYPE     reduce using rule 101 (output_stmt -> OUTPUT expression SEMI .)
    BOOL_TYPE       reduce using rule 101 (output_stmt -> OUTPUT expression SEMI .)
    CHAR_TYPE       reduce using rule 101 (output_stmt -> OUTPUT expression SEMI .)
    VOID_TYPE       reduce using rule 101 (output_stmt -> OUTPUT expression SEMI .)
    FOR             reduce using rule 101 (output_stmt -> OUTPUT expression SEMI .)
    FUNC            reduce using rule 101 (output_stmt -> OUTPUT expression SEMI .)
    ADT             reduce using rule 101 (output_stmt -> OUTPUT expression SEMI .)
    $end            reduce using rule 101 (output_stmt -> OUTPUT expression SEMI .)
    ENDFOR          reduce using rule 101 (output_stmt -> OUTPUT expression SEMI .)
    ENDFUNC         reduce using rule 101 (output_stmt -> OUTPUT expression SEMI .)
    ENDIF           reduce using rule 101 (output_stmt -> OUTPUT expression SEMI .)
    ELSE            reduce using rule 101 (output_stmt -> OUTPUT expression SEMI .)
    ENDWHILE        reduce using rule 101 (output_stmt -> OUTPUT expression SEMI .)


state 141

    (103) input_stmt -> INPUT ID SEMI .

    ID              reduce using rule 103 (input_stmt -> INPUT ID SEMI .)
    MINUS           reduce using rule 103 (input_stmt -> INPUT ID SEMI .)
    NOT             reduce using rule 103 (input_stmt -> INPUT ID SEMI .)
    BIT_NOT         reduce using rule 103 (input_stmt -> INPUT ID SEMI .)
    INCREMENT       reduce using rule 103 (input_stmt -> INPUT ID SEMI .)
    DECREMENT       reduce using rule 103 (input_stmt -> INPUT ID SEMI .)
    LPAREN          reduce using rule 103 (input_stmt -> INPUT ID SEMI .)
    INTEGER         reduce using rule 103 (input_stmt -> INPUT ID SEMI .)
    FLOAT           reduce using rule 103 (input_stmt -> INPUT ID SEMI .)
    STRING          reduce using rule 103 (input_stmt -> INPUT ID SEMI .)
    TRUE            reduce using rule 103 (input_stmt -> INPUT ID SEMI .)
    FALSE           reduce using rule 103 (input_stmt -> INPUT ID SEMI .)
    IF              reduce using rule 103 (input_stmt -> INPUT ID SEMI .)
    WHILE           reduce using rule 103 (input_stmt -> INPUT ID SEMI .)
    OUTPUT          reduce using rule 103 (input_stmt -> INPUT ID SEMI .)
    INPUT           reduce using rule 103 (input_stmt -> INPUT ID SEMI .)
    RETURN          reduce using rule 103 (input_stmt -> INPUT ID SEMI .)
    BREAK           reduce using rule 103 (input_stmt -> INPUT ID SEMI .)
    CONTINUE        reduce using rule 103 (input_stmt -> INPUT ID SEMI .)
    INT_TYPE        reduce using rule 103 (input_stmt -> INPUT ID SEMI .)
    FLOAT_TYPE      reduce using rule 103 (input_stmt -> INPUT ID SEMI .)
    STRING_TYPE     reduce using rule 103 (input_stmt -> INPUT ID SEMI .)
    BOOL_TYPE       reduce using rule 103 (input_stmt -> INPUT ID SEMI .)
    CHAR_TYPE       reduce using rule 103 (input_stmt -> INPUT ID SEMI .)
    VOID_TYPE       reduce using rule 103 (input_stmt -> INPUT ID SEMI .)
    FOR             reduce using rule 103 (input_stmt -> INPUT ID SEMI .)
    FUNC            reduce using rule 103 (input_stmt -> INPUT ID SEMI .)
    ADT             reduce using rule 103 (input_stmt -> INPUT ID SEMI .)
    $end            reduce using rule 103 (input_stmt -> INPUT ID SEMI .)
    ENDFOR          reduce using rule 103 (input_stmt -> INPUT ID SEMI .)
    ENDFUNC         reduce using rule 103 (input_stmt -> INPUT ID SEMI .)
    ENDIF           reduce using rule 103 (input_stmt -> INPUT ID SEMI .)
    ELSE            reduce using rule 103 (input_stmt -> INPUT ID SEMI .)
    ENDWHILE        reduce using rule 103 (input_stmt -> INPUT ID SEMI .)


state 142

    (72) func_decl -> func_start statements ENDFUNC .

    ID              reduce using rule 72 (func_decl -> func_start statements ENDFUNC .)
    MINUS           reduce using rule 72 (func_decl -> func_start statements ENDFUNC .)
    NOT             reduce using rule 72 (func_decl -> func_start statements ENDFUNC .)
    BIT_NOT         reduce using rule 72 (func_decl -> func_start statements ENDFUNC .)
    INCREMENT       reduce using rule 72 (func_decl -> func_start statements ENDFUNC .)
    DECREMENT       reduce using rule 72 (func_decl -> func_start statements ENDFUNC .)
    LPAREN          reduce using rule 72 (func_decl -> func_start statements ENDFUNC .)
    INTEGER         reduce using rule 72 (func_decl -> func_start statements ENDFUNC .)
    FLOAT           reduce using rule 72 (func_decl -> func_start statements ENDFUNC .)
    STRING          reduce using rule 72 (func_decl -> func_start statements ENDFUNC .)
    TRUE            reduce using rule 72 (func_decl -> func_start statements ENDFUNC .)
    FALSE           reduce using rule 72 (func_decl -> func_start statements ENDFUNC .)
    IF              reduce using rule 72 (func_decl -> func_start statements ENDFUNC .)
    WHILE           reduce using rule 72 (func_decl -> func_start statements ENDFUNC .)
    OUTPUT          reduce using rule 72 (func_decl -> func_start statements ENDFUNC .)
    INPUT           reduce using rule 72 (func_decl -> func_start statements ENDFUNC .)
    RETURN          reduce using rule 72 (func_decl -> func_start statements ENDFUNC .)
    BREAK           reduce using rule 72 (func_decl -> func_start statements ENDFUNC .)
    CONTINUE        reduce using rule 72 (func_decl -> func_start statements ENDFUNC .)
    INT_TYPE        reduce using rule 72 (func_decl -> func_start statements ENDFUNC .)
    FLOAT_TYPE      reduce using rule 72 (func_decl -> func_start statements ENDFUNC .)
    STRING_TYPE     reduce using rule 72 (func_decl -> func_start statements ENDFUNC .)
    BOOL_TYPE       reduce using rule 72 (func_decl -> func_start statements ENDFUNC .)
    CHAR_TYPE       reduce using rule 72 (func_decl -> func_start statements ENDFUNC .)
    VOID_TYPE       reduce using rule 72 (func_decl -> func_start statements ENDFUNC .)
    FOR             reduce using rule 72 (func_decl -> func_start statements ENDFUNC .)
    FUNC            reduce using rule 72 (func_decl -> func_start statements ENDFUNC .)
    ADT             reduce using rule 72 (func_decl -> func_start statements ENDFUNC .)
    $end            reduce using rule 72 (func_decl -> func_start statements ENDFUNC .)
    ENDFOR          reduce using rule 72 (func_decl -> func_start statements ENDFUNC .)
    ENDFUNC         reduce using rule 72 (func_decl -> func_start statements ENDFUNC .)
    ENDIF           reduce using rule 72 (func_decl -> func_start statements ENDFUNC .)
    ELSE            reduce using rule 72 (func_decl -> func_start statements ENDFUNC .)
    ENDWHILE        reduce using rule 72 (func_decl -> func_start statements ENDFUNC .)
    PRIVATE         reduce using rule 72 (func_decl -> func_start statements ENDFUNC .)
    PUBLIC          reduce using rule 72 (func_decl -> func_start statements ENDFUNC .)
    ENDADT          reduce using rule 72 (func_decl -> func_start statements ENDFUNC .)


state 143

    (67) return_stmt -> RETURN expression SEMI .

    ID              reduce using rule 67 (return_stmt -> RETURN expression SEMI .)
    MINUS           reduce using rule 67 (return_stmt -> RETURN expression SEMI .)
    NOT             reduce using rule 67 (return_stmt -> RETURN expression SEMI .)
    BIT_NOT         reduce using rule 67 (return_stmt -> RETURN expression SEMI .)
    INCREMENT       reduce using rule 67 (return_stmt -> RETURN expression SEMI .)
    DECREMENT       reduce using rule 67 (return_stmt -> RETURN expression SEMI .)
    LPAREN          reduce using rule 67 (return_stmt -> RETURN expression SEMI .)
    INTEGER         reduce using rule 67 (return_stmt -> RETURN expression SEMI .)
    FLOAT           reduce using rule 67 (return_stmt -> RETURN expression SEMI .)
    STRING          reduce using rule 67 (return_stmt -> RETURN expression SEMI .)
    TRUE            reduce using rule 67 (return_stmt -> RETURN expression SEMI .)
    FALSE           reduce using rule 67 (return_stmt -> RETURN expression SEMI .)
    IF              reduce using rule 67 (return_stmt -> RETURN expression SEMI .)
    WHILE           reduce using rule 67 (return_stmt -> RETURN expression SEMI .)
    OUTPUT          reduce using rule 67 (return_stmt -> RETURN expression SEMI .)
    INPUT           reduce using rule 67 (return_stmt -> RETURN expression SEMI .)
    RETURN          reduce using rule 67 (return_stmt -> RETURN expression SEMI .)
    BREAK           reduce using rule 67 (return_stmt -> RETURN expression SEMI .)
    CONTINUE        reduce using rule 67 (return_stmt -> RETURN expression SEMI .)
    INT_TYPE        reduce using rule 67 (return_stmt -> RETURN expression SEMI .)
    FLOAT_TYPE      reduce using rule 67 (return_stmt -> RETURN expression SEMI .)
    STRING_TYPE     reduce using rule 67 (return_stmt -> RETURN expression SEMI .)
    BOOL_TYPE       reduce using rule 67 (return_stmt -> RETURN expression SEMI .)
    CHAR_TYPE       reduce using rule 67 (return_stmt -> RETURN expression SEMI .)
    VOID_TYPE       reduce using rule 67 (return_stmt -> RETURN expression SEMI .)
    FOR             reduce using rule 67 (return_stmt -> RETURN expression SEMI .)
    FUNC            reduce using rule 67 (return_stmt -> RETURN expression SEMI .)
    ADT             reduce using rule 67 (return_stmt -> RETURN expression SEMI .)
    $end            reduce using rule 67 (return_stmt -> RETURN expression SEMI .)
    ENDFOR          reduce using rule 67 (return_stmt -> RETURN expression SEMI .)
    ENDFUNC         reduce using rule 67 (return_stmt -> RETURN expression SEMI .)
    ENDIF           reduce using rule 67 (return_stmt -> RETURN expression SEMI .)
    ELSE            reduce using rule 67 (return_stmt -> RETURN expression SEMI .)
    ENDWHILE        reduce using rule 67 (return_stmt -> RETURN expression SEMI .)


state 144

    (81) adt_decl -> adt_head adt_body ENDADT .

    ID              reduce using rule 81 (adt_decl -> adt_head adt_body ENDADT .)
    MINUS           reduce using rule 81 (adt_decl -> adt_head adt_body ENDADT .)
    NOT             reduce using rule 81 (adt_decl -> adt_head adt_body ENDADT .)
    BIT_NOT         reduce using rule 81 (adt_decl -> adt_head adt_body ENDADT .)
    INCREMENT       reduce using rule 81 (adt_decl -> adt_head adt_body ENDADT .)
    DECREMENT       reduce using rule 81 (adt_decl -> adt_head adt_body ENDADT .)
    LPAREN          reduce using rule 81 (adt_decl -> adt_head adt_body ENDADT .)
    INTEGER         reduce using rule 81 (adt_decl -> adt_head adt_body ENDADT .)
    FLOAT           reduce using rule 81 (adt_decl -> adt_head adt_body ENDADT .)
    STRING          reduce using rule 81 (adt_decl -> adt_head adt_body ENDADT .)
    TRUE            reduce using rule 81 (adt_decl -> adt_head adt_body ENDADT .)
    FALSE           reduce using rule 81 (adt_decl -> adt_head adt_body ENDADT .)
    IF              reduce using rule 81 (adt_decl -> adt_head adt_body ENDADT .)
    WHILE           reduce using rule 81 (adt_decl -> adt_head adt_body ENDADT .)
    OUTPUT          reduce using rule 81 (adt_decl -> adt_head adt_body ENDADT .)
    INPUT           reduce using rule 81 (adt_decl -> adt_head adt_body ENDADT .)
    RETURN          reduce using rule 81 (adt_decl -> adt_head adt_body ENDADT .)
    BREAK           reduce using rule 81 (adt_decl -> adt_head adt_body ENDADT .)
    CONTINUE        reduce using rule 81 (adt_decl -> adt_head adt_body ENDADT .)
    INT_TYPE        reduce using rule 81 (adt_decl -> adt_head adt_body ENDADT .)
    FLOAT_TYPE      reduce using rule 81 (adt_decl -> adt_head adt_body ENDADT .)
    STRING_TYPE     reduce using rule 81 (adt_decl -> adt_head adt_body ENDADT .)
    BOOL_TYPE       reduce using rule 81 (adt_decl -> adt_head adt_body ENDADT .)
    CHAR_TYPE       reduce using rule 81 (adt_decl -> adt_head adt_body ENDADT .)
    VOID_TYPE       reduce using rule 81 (adt_decl -> adt_head adt_body ENDADT .)
    FOR             reduce using rule 81 (adt_decl -> adt_head adt_body ENDADT .)
    FUNC            reduce using rule 81 (adt_decl -> adt_head adt_body ENDADT .)
    ADT             reduce using rule 81 (adt_decl -> adt_head adt_body ENDADT .)
    $end            reduce using rule 81 (adt_decl -> adt_head adt_body ENDADT .)
    ENDFOR          reduce using rule 81 (adt_decl -> adt_head adt_body ENDADT .)
    ENDFUNC         reduce using rule 81 (adt_decl -> adt_head adt_body ENDADT .)
    ENDIF           reduce using rule 81 (adt_decl -> adt_head adt_body ENDADT .)
    ELSE            reduce using rule 81 (adt_decl -> adt_head adt_body ENDADT .)
    ENDWHILE        reduce using rule 81 (adt_decl -> adt_head adt_body ENDADT .)


state 145

    (82) adt_body -> visibility_block adt_body .

    ENDADT          reduce using rule 82 (adt_body -> visibility_block adt_body .)


state 146

    (84) visibility_block -> PRIVATE COLON . member_list
    (86) member_list -> . member_decl member_list
    (87) member_list -> . member_decl
    (88) member_decl -> . type ID SEMI
    (89) member_decl -> . func_decl
    (21) type -> . INT_TYPE
    (22) type -> . FLOAT_TYPE
    (23) type -> . STRING_TYPE
    (24) type -> . BOOL_TYPE
    (25) type -> . CHAR_TYPE
    (26) type -> . VOID_TYPE
    (27) type -> . ID
    (72) func_decl -> . func_start statements ENDFUNC
    (73) func_start -> . FUNC ID LPAREN param_list_opt RPAREN COLON

    INT_TYPE        shift and go to state 43
    FLOAT_TYPE      shift and go to state 44
    STRING_TYPE     shift and go to state 45
    BOOL_TYPE       shift and go to state 46
    CHAR_TYPE       shift and go to state 47
    VOID_TYPE       shift and go to state 48
    ID              shift and go to state 168
    FUNC            shift and go to state 50

    member_list                    shift and go to state 165
    member_decl                    shift and go to state 166
    type                           shift and go to state 167
    func_decl                      shift and go to state 169
    func_start                     shift and go to state 38

state 147

    (85) visibility_block -> PUBLIC COLON . member_list
    (86) member_list -> . member_decl member_list
    (87) member_list -> . member_decl
    (88) member_decl -> . type ID SEMI
    (89) member_decl -> . func_decl
    (21) type -> . INT_TYPE
    (22) type -> . FLOAT_TYPE
    (23) type -> . STRING_TYPE
    (24) type -> . BOOL_TYPE
    (25) type -> . CHAR_TYPE
    (26) type -> . VOID_TYPE
    (27) type -> . ID
    (72) func_decl -> . func_start statements ENDFUNC
    (73) func_start -> . FUNC ID LPAREN param_list_opt RPAREN COLON

    INT_TYPE        shift and go to state 43
    FLOAT_TYPE      shift and go to state 44
    STRING_TYPE     shift and go to state 45
    BOOL_TYPE       shift and go to state 46
    CHAR_TYPE       shift and go to state 47
    VOID_TYPE       shift and go to state 48
    ID              shift and go to state 168
    FUNC            shift and go to state 50

    member_list                    shift and go to state 170
    member_decl                    shift and go to state 166
    type                           shift and go to state 167
    func_decl                      shift and go to state 169
    func_start                     shift and go to state 38

state 148

    (95) for_header -> FOR LPAREN ID . IN expression RANGE expression RPAREN COLON

    IN              shift and go to state 171


state 149

    (73) func_start -> FUNC ID LPAREN . param_list_opt RPAREN COLON
    (61) param_list_opt -> . param_list
    (62) param_list_opt -> . empty
    (63) param_list -> . param COMMA param_list
    (64) param_list -> . param
    (104) empty -> .
    (65) param -> . type ID
    (66) param -> . type ID LBRACKET RBRACKET
    (21) type -> . INT_TYPE
    (22) type -> . FLOAT_TYPE
    (23) type -> . STRING_TYPE
    (24) type -> . BOOL_TYPE
    (25) type -> . CHAR_TYPE
    (26) type -> . VOID_TYPE
    (27) type -> . ID

    RPAREN          reduce using rule 104 (empty -> .)
    INT_TYPE        shift and go to state 43
    FLOAT_TYPE      shift and go to state 44
    STRING_TYPE     shift and go to state 45
    BOOL_TYPE       shift and go to state 46
    CHAR_TYPE       shift and go to state 47
    VOID_TYPE       shift and go to state 48
    ID              shift and go to state 168

    param_list_opt                 shift and go to state 172
    param_list                     shift and go to state 173
    empty                          shift and go to state 174
    param                          shift and go to state 175
    type                           shift and go to state 176

state 150

    (80) adt_head -> ADT ID LPAREN . param_list_opt RPAREN COLON
    (61) param_list_opt -> . param_list
    (62) param_list_opt -> . empty
    (63) param_list -> . param COMMA param_list
    (64) param_list -> . param
    (104) empty -> .
    (65) param -> . type ID
    (66) param -> . type ID LBRACKET RBRACKET
    (21) type -> . INT_TYPE
    (22) type -> . FLOAT_TYPE
    (23) type -> . STRING_TYPE
    (24) type -> . BOOL_TYPE
    (25) type -> . CHAR_TYPE
    (26) type -> . VOID_TYPE
    (27) type -> . ID

    RPAREN          reduce using rule 104 (empty -> .)
    INT_TYPE        shift and go to state 43
    FLOAT_TYPE      shift and go to state 44
    STRING_TYPE     shift and go to state 45
    BOOL_TYPE       shift and go to state 46
    CHAR_TYPE       shift and go to state 47
    VOID_TYPE       shift and go to state 48
    ID              shift and go to state 168

    param_list_opt                 shift and go to state 177
    param_list                     shift and go to state 173
    empty                          shift and go to state 174
    param                          shift and go to state 175
    type                           shift and go to state 176

state 151

    (102) statement -> ID LPAREN expression RPAREN . SEMI

    SEMI            shift and go to state 178


state 152

    (70) func_call -> ID LPAREN arg_list_opt RPAREN .

    SEMI            reduce using rule 70 (func_call -> ID LPAREN arg_list_opt RPAREN .)
    PLUS            reduce using rule 70 (func_call -> ID LPAREN arg_list_opt RPAREN .)
    MINUS           reduce using rule 70 (func_call -> ID LPAREN arg_list_opt RPAREN .)
    TIMES           reduce using rule 70 (func_call -> ID LPAREN arg_list_opt RPAREN .)
    DIVIDE          reduce using rule 70 (func_call -> ID LPAREN arg_list_opt RPAREN .)
    MOD             reduce using rule 70 (func_call -> ID LPAREN arg_list_opt RPAREN .)
    AND             reduce using rule 70 (func_call -> ID LPAREN arg_list_opt RPAREN .)
    OR              reduce using rule 70 (func_call -> ID LPAREN arg_list_opt RPAREN .)
    EQ              reduce using rule 70 (func_call -> ID LPAREN arg_list_opt RPAREN .)
    NEQ             reduce using rule 70 (func_call -> ID LPAREN arg_list_opt RPAREN .)
    LT              reduce using rule 70 (func_call -> ID LPAREN arg_list_opt RPAREN .)
    LE              reduce using rule 70 (func_call -> ID LPAREN arg_list_opt RPAREN .)
    GT              reduce using rule 70 (func_call -> ID LPAREN arg_list_opt RPAREN .)
    GE              reduce using rule 70 (func_call -> ID LPAREN arg_list_opt RPAREN .)
    BIT_AND         reduce using rule 70 (func_call -> ID LPAREN arg_list_opt RPAREN .)
    BIT_OR          reduce using rule 70 (func_call -> ID LPAREN arg_list_opt RPAREN .)
    BIT_XOR         reduce using rule 70 (func_call -> ID LPAREN arg_list_opt RPAREN .)
    SHIFT_LEFT      reduce using rule 70 (func_call -> ID LPAREN arg_list_opt RPAREN .)
    SHIFT_RIGHT     reduce using rule 70 (func_call -> ID LPAREN arg_list_opt RPAREN .)
    RPAREN          reduce using rule 70 (func_call -> ID LPAREN arg_list_opt RPAREN .)
    COMMA           reduce using rule 70 (func_call -> ID LPAREN arg_list_opt RPAREN .)
    RBRACKET        reduce using rule 70 (func_call -> ID LPAREN arg_list_opt RPAREN .)
    RANGE           reduce using rule 70 (func_call -> ID LPAREN arg_list_opt RPAREN .)


state 153

    (76) arg_list -> arg COMMA . arg_list
    (76) arg_list -> . arg COMMA arg_list
    (77) arg_list -> . arg
    (78) arg -> . ID
    (79) arg -> . expression
    (28) expression -> . expression PLUS expression
    (29) expression -> . expression MINUS expression
    (30) expression -> . expression TIMES expression
    (31) expression -> . expression DIVIDE expression
    (32) expression -> . expression MOD expression
    (33) expression -> . expression AND expression
    (34) expression -> . expression OR expression
    (35) expression -> . expression EQ expression
    (36) expression -> . expression NEQ expression
    (37) expression -> . expression LT expression
    (38) expression -> . expression LE expression
    (39) expression -> . expression GT expression
    (40) expression -> . expression GE expression
    (41) expression -> . expression BIT_AND expression
    (42) expression -> . expression BIT_OR expression
    (43) expression -> . expression BIT_XOR expression
    (44) expression -> . expression SHIFT_LEFT expression
    (45) expression -> . expression SHIFT_RIGHT expression
    (46) expression -> . MINUS expression
    (47) expression -> . NOT expression
    (48) expression -> . BIT_NOT expression
    (49) expression -> . INCREMENT expression
    (50) expression -> . DECREMENT expression
    (51) expression -> . LPAREN expression RPAREN
    (52) expression -> . INTEGER
    (53) expression -> . FLOAT
    (54) expression -> . ID
    (55) expression -> . ID LBRACKET expression RBRACKET
    (56) expression -> . ID DOT ID
    (57) expression -> . func_call
    (58) expression -> . STRING
    (59) expression -> . TRUE
    (60) expression -> . FALSE
    (70) func_call -> . ID LPAREN arg_list_opt RPAREN
    (71) func_call -> . ID DOT ID LPAREN arg_list_opt RPAREN

    ID              shift and go to state 158
    MINUS           shift and go to state 22
    NOT             shift and go to state 23
    BIT_NOT         shift and go to state 24
    INCREMENT       shift and go to state 25
    DECREMENT       shift and go to state 26
    LPAREN          shift and go to state 19
    INTEGER         shift and go to state 27
    FLOAT           shift and go to state 28
    STRING          shift and go to state 30
    TRUE            shift and go to state 31
    FALSE           shift and go to state 32

    arg                            shift and go to state 126
    arg_list                       shift and go to state 179
    expression                     shift and go to state 159
    func_call                      shift and go to state 77

state 154

    (55) expression -> ID LBRACKET expression RBRACKET .
    (93) lvalue -> ID LBRACKET expression RBRACKET .

    SEMI            reduce using rule 55 (expression -> ID LBRACKET expression RBRACKET .)
    PLUS            reduce using rule 55 (expression -> ID LBRACKET expression RBRACKET .)
    MINUS           reduce using rule 55 (expression -> ID LBRACKET expression RBRACKET .)
    TIMES           reduce using rule 55 (expression -> ID LBRACKET expression RBRACKET .)
    DIVIDE          reduce using rule 55 (expression -> ID LBRACKET expression RBRACKET .)
    MOD             reduce using rule 55 (expression -> ID LBRACKET expression RBRACKET .)
    AND             reduce using rule 55 (expression -> ID LBRACKET expression RBRACKET .)
    OR              reduce using rule 55 (expression -> ID LBRACKET expression RBRACKET .)
    EQ              reduce using rule 55 (expression -> ID LBRACKET expression RBRACKET .)
    NEQ             reduce using rule 55 (expression -> ID LBRACKET expression RBRACKET .)
    LT              reduce using rule 55 (expression -> ID LBRACKET expression RBRACKET .)
    LE              reduce using rule 55 (expression -> ID LBRACKET expression RBRACKET .)
    GT              reduce using rule 55 (expression -> ID LBRACKET expression RBRACKET .)
    GE              reduce using rule 55 (expression -> ID LBRACKET expression RBRACKET .)
    BIT_AND         reduce using rule 55 (expression -> ID LBRACKET expression RBRACKET .)
    BIT_OR          reduce using rule 55 (expression -> ID LBRACKET expression RBRACKET .)
    BIT_XOR         reduce using rule 55 (expression -> ID LBRACKET expression RBRACKET .)
    SHIFT_LEFT      reduce using rule 55 (expression -> ID LBRACKET expression RBRACKET .)
    SHIFT_RIGHT     reduce using rule 55 (expression -> ID LBRACKET expression RBRACKET .)
    ASSIGN          reduce using rule 93 (lvalue -> ID LBRACKET expression RBRACKET .)


state 155

    (71) func_call -> ID DOT ID LPAREN . arg_list_opt RPAREN
    (74) arg_list_opt -> . arg_list
    (75) arg_list_opt -> . empty
    (76) arg_list -> . arg COMMA arg_list
    (77) arg_list -> . arg
    (104) empty -> .
    (78) arg -> . ID
    (79) arg -> . expression
    (28) expression -> . expression PLUS expression
    (29) expression -> . expression MINUS expression
    (30) expression -> . expression TIMES expression
    (31) expression -> . expression DIVIDE expression
    (32) expression -> . expression MOD expression
    (33) expression -> . expression AND expression
    (34) expression -> . expression OR expression
    (35) expression -> . expression EQ expression
    (36) expression -> . expression NEQ expression
    (37) expression -> . expression LT expression
    (38) expression -> . expression LE expression
    (39) expression -> . expression GT expression
    (40) expression -> . expression GE expression
    (41) expression -> . expression BIT_AND expression
    (42) expression -> . expression BIT_OR expression
    (43) expression -> . expression BIT_XOR expression
    (44) expression -> . expression SHIFT_LEFT expression
    (45) expression -> . expression SHIFT_RIGHT expression
    (46) expression -> . MINUS expression
    (47) expression -> . NOT expression
    (48) expression -> . BIT_NOT expression
    (49) expression -> . INCREMENT expression
    (50) expression -> . DECREMENT expression
    (51) expression -> . LPAREN expression RPAREN
    (52) expression -> . INTEGER
    (53) expression -> . FLOAT
    (54) expression -> . ID
    (55) expression -> . ID LBRACKET expression RBRACKET
    (56) expression -> . ID DOT ID
    (57) expression -> . func_call
    (58) expression -> . STRING
    (59) expression -> . TRUE
    (60) expression -> . FALSE
    (70) func_call -> . ID LPAREN arg_list_opt RPAREN
    (71) func_call -> . ID DOT ID LPAREN arg_list_opt RPAREN

    RPAREN          reduce using rule 104 (empty -> .)
    ID              shift and go to state 158
    MINUS           shift and go to state 22
    NOT             shift and go to state 23
    BIT_NOT         shift and go to state 24
    INCREMENT       shift and go to state 25
    DECREMENT       shift and go to state 26
    LPAREN          shift and go to state 19
    INTEGER         shift and go to state 27
    FLOAT           shift and go to state 28
    STRING          shift and go to state 30
    TRUE            shift and go to state 31
    FALSE           shift and go to state 32

    arg_list_opt                   shift and go to state 180
    arg_list                       shift and go to state 124
    empty                          shift and go to state 125
    arg                            shift and go to state 126
    expression                     shift and go to state 159
    func_call                      shift and go to state 77

state 156

    (55) expression -> ID LBRACKET expression . RBRACKET
    (28) expression -> expression . PLUS expression
    (29) expression -> expression . MINUS expression
    (30) expression -> expression . TIMES expression
    (31) expression -> expression . DIVIDE expression
    (32) expression -> expression . MOD expression
    (33) expression -> expression . AND expression
    (34) expression -> expression . OR expression
    (35) expression -> expression . EQ expression
    (36) expression -> expression . NEQ expression
    (37) expression -> expression . LT expression
    (38) expression -> expression . LE expression
    (39) expression -> expression . GT expression
    (40) expression -> expression . GE expression
    (41) expression -> expression . BIT_AND expression
    (42) expression -> expression . BIT_OR expression
    (43) expression -> expression . BIT_XOR expression
    (44) expression -> expression . SHIFT_LEFT expression
    (45) expression -> expression . SHIFT_RIGHT expression

    RBRACKET        shift and go to state 181
    PLUS            shift and go to state 54
    MINUS           shift and go to state 55
    TIMES           shift and go to state 56
    DIVIDE          shift and go to state 57
    MOD             shift and go to state 58
    AND             shift and go to state 59
    OR              shift and go to state 60
    EQ              shift and go to state 61
    NEQ             shift and go to state 62
    LT              shift and go to state 63
    LE              shift and go to state 64
    GT              shift and go to state 65
    GE              shift and go to state 66
    BIT_AND         shift and go to state 67
    BIT_OR          shift and go to state 68
    BIT_XOR         shift and go to state 69
    SHIFT_LEFT      shift and go to state 70
    SHIFT_RIGHT     shift and go to state 71


state 157

    (56) expression -> ID DOT ID .
    (71) func_call -> ID DOT ID . LPAREN arg_list_opt RPAREN

    RPAREN          reduce using rule 56 (expression -> ID DOT ID .)
    PLUS            reduce using rule 56 (expression -> ID DOT ID .)
    MINUS           reduce using rule 56 (expression -> ID DOT ID .)
    TIMES           reduce using rule 56 (expression -> ID DOT ID .)
    DIVIDE          reduce using rule 56 (expression -> ID DOT ID .)
    MOD             reduce using rule 56 (expression -> ID DOT ID .)
    AND             reduce using rule 56 (expression -> ID DOT ID .)
    OR              reduce using rule 56 (expression -> ID DOT ID .)
    EQ              reduce using rule 56 (expression -> ID DOT ID .)
    NEQ             reduce using rule 56 (expression -> ID DOT ID .)
    LT              reduce using rule 56 (expression -> ID DOT ID .)
    LE              reduce using rule 56 (expression -> ID DOT ID .)
    GT              reduce using rule 56 (expression -> ID DOT ID .)
    GE              reduce using rule 56 (expression -> ID DOT ID .)
    BIT_AND         reduce using rule 56 (expression -> ID DOT ID .)
    BIT_OR          reduce using rule 56 (expression -> ID DOT ID .)
    BIT_XOR         reduce using rule 56 (expression -> ID DOT ID .)
    SHIFT_LEFT      reduce using rule 56 (expression -> ID DOT ID .)
    SHIFT_RIGHT     reduce using rule 56 (expression -> ID DOT ID .)
    SEMI            reduce using rule 56 (expression -> ID DOT ID .)
    COMMA           reduce using rule 56 (expression -> ID DOT ID .)
    RBRACKET        reduce using rule 56 (expression -> ID DOT ID .)
    RANGE           reduce using rule 56 (expression -> ID DOT ID .)
    LPAREN          shift and go to state 155


state 158

    (78) arg -> ID .
    (54) expression -> ID .
    (55) expression -> ID . LBRACKET expression RBRACKET
    (56) expression -> ID . DOT ID
    (70) func_call -> ID . LPAREN arg_list_opt RPAREN
    (71) func_call -> ID . DOT ID LPAREN arg_list_opt RPAREN

  ! reduce/reduce conflict for COMMA resolved using rule 54 (expression -> ID .)
  ! reduce/reduce conflict for RPAREN resolved using rule 54 (expression -> ID .)
    PLUS            reduce using rule 54 (expression -> ID .)
    MINUS           reduce using rule 54 (expression -> ID .)
    TIMES           reduce using rule 54 (expression -> ID .)
    DIVIDE          reduce using rule 54 (expression -> ID .)
    MOD             reduce using rule 54 (expression -> ID .)
    AND             reduce using rule 54 (expression -> ID .)
    OR              reduce using rule 54 (expression -> ID .)
    EQ              reduce using rule 54 (expression -> ID .)
    NEQ             reduce using rule 54 (expression -> ID .)
    LT              reduce using rule 54 (expression -> ID .)
    LE              reduce using rule 54 (expression -> ID .)
    GT              reduce using rule 54 (expression -> ID .)
    GE              reduce using rule 54 (expression -> ID .)
    BIT_AND         reduce using rule 54 (expression -> ID .)
    BIT_OR          reduce using rule 54 (expression -> ID .)
    BIT_XOR         reduce using rule 54 (expression -> ID .)
    SHIFT_LEFT      reduce using rule 54 (expression -> ID .)
    SHIFT_RIGHT     reduce using rule 54 (expression -> ID .)
    COMMA           reduce using rule 54 (expression -> ID .)
    RPAREN          reduce using rule 54 (expression -> ID .)
    LBRACKET        shift and go to state 130
    DOT             shift and go to state 131
    LPAREN          shift and go to state 132

  ! COMMA           [ reduce using rule 78 (arg -> ID .) ]
  ! RPAREN          [ reduce using rule 78 (arg -> ID .) ]


state 159

    (79) arg -> expression .
    (28) expression -> expression . PLUS expression
    (29) expression -> expression . MINUS expression
    (30) expression -> expression . TIMES expression
    (31) expression -> expression . DIVIDE expression
    (32) expression -> expression . MOD expression
    (33) expression -> expression . AND expression
    (34) expression -> expression . OR expression
    (35) expression -> expression . EQ expression
    (36) expression -> expression . NEQ expression
    (37) expression -> expression . LT expression
    (38) expression -> expression . LE expression
    (39) expression -> expression . GT expression
    (40) expression -> expression . GE expression
    (41) expression -> expression . BIT_AND expression
    (42) expression -> expression . BIT_OR expression
    (43) expression -> expression . BIT_XOR expression
    (44) expression -> expression . SHIFT_LEFT expression
    (45) expression -> expression . SHIFT_RIGHT expression

    COMMA           reduce using rule 79 (arg -> expression .)
    RPAREN          reduce using rule 79 (arg -> expression .)
    PLUS            shift and go to state 54
    MINUS           shift and go to state 55
    TIMES           shift and go to state 56
    DIVIDE          shift and go to state 57
    MOD             shift and go to state 58
    AND             shift and go to state 59
    OR              shift and go to state 60
    EQ              shift and go to state 61
    NEQ             shift and go to state 62
    LT              shift and go to state 63
    LE              shift and go to state 64
    GT              shift and go to state 65
    GE              shift and go to state 66
    BIT_AND         shift and go to state 67
    BIT_OR          shift and go to state 68
    BIT_XOR         shift and go to state 69
    SHIFT_LEFT      shift and go to state 70
    SHIFT_RIGHT     shift and go to state 71


state 160

    (19) declaration -> type ID ASSIGN expression . SEMI
    (28) expression -> expression . PLUS expression
    (29) expression -> expression . MINUS expression
    (30) expression -> expression . TIMES expression
    (31) expression -> expression . DIVIDE expression
    (32) expression -> expression . MOD expression
    (33) expression -> expression . AND expression
    (34) expression -> expression . OR expression
    (35) expression -> expression . EQ expression
    (36) expression -> expression . NEQ expression
    (37) expression -> expression . LT expression
    (38) expression -> expression . LE expression
    (39) expression -> expression . GT expression
    (40) expression -> expression . GE expression
    (41) expression -> expression . BIT_AND expression
    (42) expression -> expression . BIT_OR expression
    (43) expression -> expression . BIT_XOR expression
    (44) expression -> expression . SHIFT_LEFT expression
    (45) expression -> expression . SHIFT_RIGHT expression

    SEMI            shift and go to state 182
    PLUS            shift and go to state 54
    MINUS           shift and go to state 55
    TIMES           shift and go to state 56
    DIVIDE          shift and go to state 57
    MOD             shift and go to state 58
    AND             shift and go to state 59
    OR              shift and go to state 60
    EQ              shift and go to state 61
    NEQ             shift and go to state 62
    LT              shift and go to state 63
    LE              shift and go to state 64
    GT              shift and go to state 65
    GE              shift and go to state 66
    BIT_AND         shift and go to state 67
    BIT_OR          shift and go to state 68
    BIT_XOR         shift and go to state 69
    SHIFT_LEFT      shift and go to state 70
    SHIFT_RIGHT     shift and go to state 71


state 161

    (20) declaration -> type ID LBRACKET expression . RBRACKET SEMI
    (28) expression -> expression . PLUS expression
    (29) expression -> expression . MINUS expression
    (30) expression -> expression . TIMES expression
    (31) expression -> expression . DIVIDE expression
    (32) expression -> expression . MOD expression
    (33) expression -> expression . AND expression
    (34) expression -> expression . OR expression
    (35) expression -> expression . EQ expression
    (36) expression -> expression . NEQ expression
    (37) expression -> expression . LT expression
    (38) expression -> expression . LE expression
    (39) expression -> expression . GT expression
    (40) expression -> expression . GE expression
    (41) expression -> expression . BIT_AND expression
    (42) expression -> expression . BIT_OR expression
    (43) expression -> expression . BIT_XOR expression
    (44) expression -> expression . SHIFT_LEFT expression
    (45) expression -> expression . SHIFT_RIGHT expression

    RBRACKET        shift and go to state 183
    PLUS            shift and go to state 54
    MINUS           shift and go to state 55
    TIMES           shift and go to state 56
    DIVIDE          shift and go to state 57
    MOD             shift and go to state 58
    AND             shift and go to state 59
    OR              shift and go to state 60
    EQ              shift and go to state 61
    NEQ             shift and go to state 62
    LT              shift and go to state 63
    LE              shift and go to state 64
    GT              shift and go to state 65
    GE              shift and go to state 66
    BIT_AND         shift and go to state 67
    BIT_OR          shift and go to state 68
    BIT_XOR         shift and go to state 69
    SHIFT_LEFT      shift and go to state 70
    SHIFT_RIGHT     shift and go to state 71


state 162

    (90) assignment -> lvalue ASSIGN expression SEMI .

    ID              reduce using rule 90 (assignment -> lvalue ASSIGN expression SEMI .)
    MINUS           reduce using rule 90 (assignment -> lvalue ASSIGN expression SEMI .)
    NOT             reduce using rule 90 (assignment -> lvalue ASSIGN expression SEMI .)
    BIT_NOT         reduce using rule 90 (assignment -> lvalue ASSIGN expression SEMI .)
    INCREMENT       reduce using rule 90 (assignment -> lvalue ASSIGN expression SEMI .)
    DECREMENT       reduce using rule 90 (assignment -> lvalue ASSIGN expression SEMI .)
    LPAREN          reduce using rule 90 (assignment -> lvalue ASSIGN expression SEMI .)
    INTEGER         reduce using rule 90 (assignment -> lvalue ASSIGN expression SEMI .)
    FLOAT           reduce using rule 90 (assignment -> lvalue ASSIGN expression SEMI .)
    STRING          reduce using rule 90 (assignment -> lvalue ASSIGN expression SEMI .)
    TRUE            reduce using rule 90 (assignment -> lvalue ASSIGN expression SEMI .)
    FALSE           reduce using rule 90 (assignment -> lvalue ASSIGN expression SEMI .)
    IF              reduce using rule 90 (assignment -> lvalue ASSIGN expression SEMI .)
    WHILE           reduce using rule 90 (assignment -> lvalue ASSIGN expression SEMI .)
    OUTPUT          reduce using rule 90 (assignment -> lvalue ASSIGN expression SEMI .)
    INPUT           reduce using rule 90 (assignment -> lvalue ASSIGN expression SEMI .)
    RETURN          reduce using rule 90 (assignment -> lvalue ASSIGN expression SEMI .)
    BREAK           reduce using rule 90 (assignment -> lvalue ASSIGN expression SEMI .)
    CONTINUE        reduce using rule 90 (assignment -> lvalue ASSIGN expression SEMI .)
    INT_TYPE        reduce using rule 90 (assignment -> lvalue ASSIGN expression SEMI .)
    FLOAT_TYPE      reduce using rule 90 (assignment -> lvalue ASSIGN expression SEMI .)
    STRING_TYPE     reduce using rule 90 (assignment -> lvalue ASSIGN expression SEMI .)
    BOOL_TYPE       reduce using rule 90 (assignment -> lvalue ASSIGN expression SEMI .)
    CHAR_TYPE       reduce using rule 90 (assignment -> lvalue ASSIGN expression SEMI .)
    VOID_TYPE       reduce using rule 90 (assignment -> lvalue ASSIGN expression SEMI .)
    FOR             reduce using rule 90 (assignment -> lvalue ASSIGN expression SEMI .)
    FUNC            reduce using rule 90 (assignment -> lvalue ASSIGN expression SEMI .)
    ADT             reduce using rule 90 (assignment -> lvalue ASSIGN expression SEMI .)
    $end            reduce using rule 90 (assignment -> lvalue ASSIGN expression SEMI .)
    ENDFOR          reduce using rule 90 (assignment -> lvalue ASSIGN expression SEMI .)
    ENDFUNC         reduce using rule 90 (assignment -> lvalue ASSIGN expression SEMI .)
    ENDIF           reduce using rule 90 (assignment -> lvalue ASSIGN expression SEMI .)
    ELSE            reduce using rule 90 (assignment -> lvalue ASSIGN expression SEMI .)
    ENDWHILE        reduce using rule 90 (assignment -> lvalue ASSIGN expression SEMI .)


state 163

    (98) if_stmt -> IF LPAREN expression RPAREN . COLON statements ENDIF
    (99) if_stmt -> IF LPAREN expression RPAREN . COLON statements ELSE COLON statements ENDIF

    COLON           shift and go to state 184


state 164

    (100) while_stmt -> WHILE LPAREN expression RPAREN . COLON statements ENDWHILE

    COLON           shift and go to state 185


state 165

    (84) visibility_block -> PRIVATE COLON member_list .

    PRIVATE         reduce using rule 84 (visibility_block -> PRIVATE COLON member_list .)
    PUBLIC          reduce using rule 84 (visibility_block -> PRIVATE COLON member_list .)
    ENDADT          reduce using rule 84 (visibility_block -> PRIVATE COLON member_list .)


state 166

    (86) member_list -> member_decl . member_list
    (87) member_list -> member_decl .
    (86) member_list -> . member_decl member_list
    (87) member_list -> . member_decl
    (88) member_decl -> . type ID SEMI
    (89) member_decl -> . func_decl
    (21) type -> . INT_TYPE
    (22) type -> . FLOAT_TYPE
    (23) type -> . STRING_TYPE
    (24) type -> . BOOL_TYPE
    (25) type -> . CHAR_TYPE
    (26) type -> . VOID_TYPE
    (27) type -> . ID
    (72) func_decl -> . func_start statements ENDFUNC
    (73) func_start -> . FUNC ID LPAREN param_list_opt RPAREN COLON

    PRIVATE         reduce using rule 87 (member_list -> member_decl .)
    PUBLIC          reduce using rule 87 (member_list -> member_decl .)
    ENDADT          reduce using rule 87 (member_list -> member_decl .)
    INT_TYPE        shift and go to state 43
    FLOAT_TYPE      shift and go to state 44
    STRING_TYPE     shift and go to state 45
    BOOL_TYPE       shift and go to state 46
    CHAR_TYPE       shift and go to state 47
    VOID_TYPE       shift and go to state 48
    ID              shift and go to state 168
    FUNC            shift and go to state 50

    member_decl                    shift and go to state 166
    member_list                    shift and go to state 186
    type                           shift and go to state 167
    func_decl                      shift and go to state 169
    func_start                     shift and go to state 38

state 167

    (88) member_decl -> type . ID SEMI

    ID              shift and go to state 187


state 168

    (27) type -> ID .

    ID              reduce using rule 27 (type -> ID .)


state 169

    (89) member_decl -> func_decl .

    INT_TYPE        reduce using rule 89 (member_decl -> func_decl .)
    FLOAT_TYPE      reduce using rule 89 (member_decl -> func_decl .)
    STRING_TYPE     reduce using rule 89 (member_decl -> func_decl .)
    BOOL_TYPE       reduce using rule 89 (member_decl -> func_decl .)
    CHAR_TYPE       reduce using rule 89 (member_decl -> func_decl .)
    VOID_TYPE       reduce using rule 89 (member_decl -> func_decl .)
    ID              reduce using rule 89 (member_decl -> func_decl .)
    FUNC            reduce using rule 89 (member_decl -> func_decl .)
    PRIVATE         reduce using rule 89 (member_decl -> func_decl .)
    PUBLIC          reduce using rule 89 (member_decl -> func_decl .)
    ENDADT          reduce using rule 89 (member_decl -> func_decl .)


state 170

    (85) visibility_block -> PUBLIC COLON member_list .

    PRIVATE         reduce using rule 85 (visibility_block -> PUBLIC COLON member_list .)
    PUBLIC          reduce using rule 85 (visibility_block -> PUBLIC COLON member_list .)
    ENDADT          reduce using rule 85 (visibility_block -> PUBLIC COLON member_list .)


state 171

    (95) for_header -> FOR LPAREN ID IN . expression RANGE expression RPAREN COLON
    (28) expression -> . expression PLUS expression
    (29) expression -> . expression MINUS expression
    (30) expression -> . expression TIMES expression
    (31) expression -> . expression DIVIDE expression
    (32) expression -> . expression MOD expression
    (33) expression -> . expression AND expression
    (34) expression -> . expression OR expression
    (35) expression -> . expression EQ expression
    (36) expression -> . expression NEQ expression
    (37) expression -> . expression LT expression
    (38) expression -> . expression LE expression
    (39) expression -> . expression GT expression
    (40) expression -> . expression GE expression
    (41) expression -> . expression BIT_AND expression
    (42) expression -> . expression BIT_OR expression
    (43) expression -> . expression BIT_XOR expression
    (44) expression -> . expression SHIFT_LEFT expression
    (45) expression -> . expression SHIFT_RIGHT expression
    (46) expression -> . MINUS expression
    (47) expression -> . NOT expression
    (48) expression -> . BIT_NOT expression
    (49) expression -> . INCREMENT expression
    (50) expression -> . DECREMENT expression
    (51) expression -> . LPAREN expression RPAREN
    (52) expression -> . INTEGER
    (53) expression -> . FLOAT
    (54) expression -> . ID
    (55) expression -> . ID LBRACKET expression RBRACKET
    (56) expression -> . ID DOT ID
    (57) expression -> . func_call
    (58) expression -> . STRING
    (59) expression -> . TRUE
    (60) expression -> . FALSE
    (70) func_call -> . ID LPAREN arg_list_opt RPAREN
    (71) func_call -> . ID DOT ID LPAREN arg_list_opt RPAREN

    MINUS           shift and go to state 22
    NOT             shift and go to state 23
    BIT_NOT         shift and go to state 24
    INCREMENT       shift and go to state 25
    DECREMENT       shift and go to state 26
    LPAREN          shift and go to state 19
    INTEGER         shift and go to state 27
    FLOAT           shift and go to state 28
    ID              shift and go to state 76
    STRING          shift and go to state 30
    TRUE            shift and go to state 31
    FALSE           shift and go to state 32

    expression                     shift and go to state 188
    func_call                      shift and go to state 77

state 172

    (73) func_start -> FUNC ID LPAREN param_list_opt . RPAREN COLON

    RPAREN          shift and go to state 189


state 173

    (61) param_list_opt -> param_list .

    RPAREN          reduce using rule 61 (param_list_opt -> param_list .)


state 174

    (62) param_list_opt -> empty .

    RPAREN          reduce using rule 62 (param_list_opt -> empty .)


state 175

    (63) param_list -> param . COMMA param_list
    (64) param_list -> param .

    COMMA           shift and go to state 190
    RPAREN          reduce using rule 64 (param_list -> param .)


state 176

    (65) param -> type . ID
    (66) param -> type . ID LBRACKET RBRACKET

    ID              shift and go to state 191


state 177

    (80) adt_head -> ADT ID LPAREN param_list_opt . RPAREN COLON

    RPAREN          shift and go to state 192


state 178

    (102) statement -> ID LPAREN expression RPAREN SEMI .

    ID              reduce using rule 102 (statement -> ID LPAREN expression RPAREN SEMI .)
    MINUS           reduce using rule 102 (statement -> ID LPAREN expression RPAREN SEMI .)
    NOT             reduce using rule 102 (statement -> ID LPAREN expression RPAREN SEMI .)
    BIT_NOT         reduce using rule 102 (statement -> ID LPAREN expression RPAREN SEMI .)
    INCREMENT       reduce using rule 102 (statement -> ID LPAREN expression RPAREN SEMI .)
    DECREMENT       reduce using rule 102 (statement -> ID LPAREN expression RPAREN SEMI .)
    LPAREN          reduce using rule 102 (statement -> ID LPAREN expression RPAREN SEMI .)
    INTEGER         reduce using rule 102 (statement -> ID LPAREN expression RPAREN SEMI .)
    FLOAT           reduce using rule 102 (statement -> ID LPAREN expression RPAREN SEMI .)
    STRING          reduce using rule 102 (statement -> ID LPAREN expression RPAREN SEMI .)
    TRUE            reduce using rule 102 (statement -> ID LPAREN expression RPAREN SEMI .)
    FALSE           reduce using rule 102 (statement -> ID LPAREN expression RPAREN SEMI .)
    IF              reduce using rule 102 (statement -> ID LPAREN expression RPAREN SEMI .)
    WHILE           reduce using rule 102 (statement -> ID LPAREN expression RPAREN SEMI .)
    OUTPUT          reduce using rule 102 (statement -> ID LPAREN expression RPAREN SEMI .)
    INPUT           reduce using rule 102 (statement -> ID LPAREN expression RPAREN SEMI .)
    RETURN          reduce using rule 102 (statement -> ID LPAREN expression RPAREN SEMI .)
    BREAK           reduce using rule 102 (statement -> ID LPAREN expression RPAREN SEMI .)
    CONTINUE        reduce using rule 102 (statement -> ID LPAREN expression RPAREN SEMI .)
    INT_TYPE        reduce using rule 102 (statement -> ID LPAREN expression RPAREN SEMI .)
    FLOAT_TYPE      reduce using rule 102 (statement -> ID LPAREN expression RPAREN SEMI .)
    STRING_TYPE     reduce using rule 102 (statement -> ID LPAREN expression RPAREN SEMI .)
    BOOL_TYPE       reduce using rule 102 (statement -> ID LPAREN expression RPAREN SEMI .)
    CHAR_TYPE       reduce using rule 102 (statement -> ID LPAREN expression RPAREN SEMI .)
    VOID_TYPE       reduce using rule 102 (statement -> ID LPAREN expression RPAREN SEMI .)
    FOR             reduce using rule 102 (statement -> ID LPAREN expression RPAREN SEMI .)
    FUNC            reduce using rule 102 (statement -> ID LPAREN expression RPAREN SEMI .)
    ADT             reduce using rule 102 (statement -> ID LPAREN expression RPAREN SEMI .)
    $end            reduce using rule 102 (statement -> ID LPAREN expression RPAREN SEMI .)
    ENDFOR          reduce using rule 102 (statement -> ID LPAREN expression RPAREN SEMI .)
    ENDFUNC         reduce using rule 102 (statement -> ID LPAREN expression RPAREN SEMI .)
    ENDIF           reduce using rule 102 (statement -> ID LPAREN expression RPAREN SEMI .)
    ELSE            reduce using rule 102 (statement -> ID LPAREN expression RPAREN SEMI .)
    ENDWHILE        reduce using rule 102 (statement -> ID LPAREN expression RPAREN SEMI .)


state 179

    (76) arg_list -> arg COMMA arg_list .

    RPAREN          reduce using rule 76 (arg_list -> arg COMMA arg_list .)


state 180

    (71) func_call -> ID DOT ID LPAREN arg_list_opt . RPAREN

    RPAREN          shift and go to state 193


state 181

    (55) expression -> ID LBRACKET expression RBRACKET .

    RPAREN          reduce using rule 55 (expression -> ID LBRACKET expression RBRACKET .)
    PLUS            reduce using rule 55 (expression -> ID LBRACKET expression RBRACKET .)
    MINUS           reduce using rule 55 (expression -> ID LBRACKET expression RBRACKET .)
    TIMES           reduce using rule 55 (expression -> ID LBRACKET expression RBRACKET .)
    DIVIDE          reduce using rule 55 (expression -> ID LBRACKET expression RBRACKET .)
    MOD             reduce using rule 55 (expression -> ID LBRACKET expression RBRACKET .)
    AND             reduce using rule 55 (expression -> ID LBRACKET expression RBRACKET .)
    OR              reduce using rule 55 (expression -> ID LBRACKET expression RBRACKET .)
    EQ              reduce using rule 55 (expression -> ID LBRACKET expression RBRACKET .)
    NEQ             reduce using rule 55 (expression -> ID LBRACKET expression RBRACKET .)
    LT              reduce using rule 55 (expression -> ID LBRACKET expression RBRACKET .)
    LE              reduce using rule 55 (expression -> ID LBRACKET expression RBRACKET .)
    GT              reduce using rule 55 (expression -> ID LBRACKET expression RBRACKET .)
    GE              reduce using rule 55 (expression -> ID LBRACKET expression RBRACKET .)
    BIT_AND         reduce using rule 55 (expression -> ID LBRACKET expression RBRACKET .)
    BIT_OR          reduce using rule 55 (expression -> ID LBRACKET expression RBRACKET .)
    BIT_XOR         reduce using rule 55 (expression -> ID LBRACKET expression RBRACKET .)
    SHIFT_LEFT      reduce using rule 55 (expression -> ID LBRACKET expression RBRACKET .)
    SHIFT_RIGHT     reduce using rule 55 (expression -> ID LBRACKET expression RBRACKET .)
    SEMI            reduce using rule 55 (expression -> ID LBRACKET expression RBRACKET .)
    COMMA           reduce using rule 55 (expression -> ID LBRACKET expression RBRACKET .)
    RBRACKET        reduce using rule 55 (expression -> ID LBRACKET expression RBRACKET .)
    RANGE           reduce using rule 55 (expression -> ID LBRACKET expression RBRACKET .)


state 182

    (19) declaration -> type ID ASSIGN expression SEMI .

    ID              reduce using rule 19 (declaration -> type ID ASSIGN expression SEMI .)
    MINUS           reduce using rule 19 (declaration -> type ID ASSIGN expression SEMI .)
    NOT             reduce using rule 19 (declaration -> type ID ASSIGN expression SEMI .)
    BIT_NOT         reduce using rule 19 (declaration -> type ID ASSIGN expression SEMI .)
    INCREMENT       reduce using rule 19 (declaration -> type ID ASSIGN expression SEMI .)
    DECREMENT       reduce using rule 19 (declaration -> type ID ASSIGN expression SEMI .)
    LPAREN          reduce using rule 19 (declaration -> type ID ASSIGN expression SEMI .)
    INTEGER         reduce using rule 19 (declaration -> type ID ASSIGN expression SEMI .)
    FLOAT           reduce using rule 19 (declaration -> type ID ASSIGN expression SEMI .)
    STRING          reduce using rule 19 (declaration -> type ID ASSIGN expression SEMI .)
    TRUE            reduce using rule 19 (declaration -> type ID ASSIGN expression SEMI .)
    FALSE           reduce using rule 19 (declaration -> type ID ASSIGN expression SEMI .)
    IF              reduce using rule 19 (declaration -> type ID ASSIGN expression SEMI .)
    WHILE           reduce using rule 19 (declaration -> type ID ASSIGN expression SEMI .)
    OUTPUT          reduce using rule 19 (declaration -> type ID ASSIGN expression SEMI .)
    INPUT           reduce using rule 19 (declaration -> type ID ASSIGN expression SEMI .)
    RETURN          reduce using rule 19 (declaration -> type ID ASSIGN expression SEMI .)
    BREAK           reduce using rule 19 (declaration -> type ID ASSIGN expression SEMI .)
    CONTINUE        reduce using rule 19 (declaration -> type ID ASSIGN expression SEMI .)
    INT_TYPE        reduce using rule 19 (declaration -> type ID ASSIGN expression SEMI .)
    FLOAT_TYPE      reduce using rule 19 (declaration -> type ID ASSIGN expression SEMI .)
    STRING_TYPE     reduce using rule 19 (declaration -> type ID ASSIGN expression SEMI .)
    BOOL_TYPE       reduce using rule 19 (declaration -> type ID ASSIGN expression SEMI .)
    CHAR_TYPE       reduce using rule 19 (declaration -> type ID ASSIGN expression SEMI .)
    VOID_TYPE       reduce using rule 19 (declaration -> type ID ASSIGN expression SEMI .)
    FOR             reduce using rule 19 (declaration -> type ID ASSIGN expression SEMI .)
    FUNC            reduce using rule 19 (declaration -> type ID ASSIGN expression SEMI .)
    ADT             reduce using rule 19 (declaration -> type ID ASSIGN expression SEMI .)
    $end            reduce using rule 19 (declaration -> type ID ASSIGN expression SEMI .)
    ENDFOR          reduce using rule 19 (declaration -> type ID ASSIGN expression SEMI .)
    ENDFUNC         reduce using rule 19 (declaration -> type ID ASSIGN expression SEMI .)
    ENDIF           reduce using rule 19 (declaration -> type ID ASSIGN expression SEMI .)
    ELSE            reduce using rule 19 (declaration -> type ID ASSIGN expression SEMI .)
    ENDWHILE        reduce using rule 19 (declaration -> type ID ASSIGN expression SEMI .)


state 183

    (20) declaration -> type ID LBRACKET expression RBRACKET . SEMI

    SEMI            shift and go to state 194


state 184

    (98) if_stmt -> IF LPAREN expression RPAREN COLON . statements ENDIF
    (99) if_stmt -> IF LPAREN expression RPAREN COLON . statements ELSE COLON statements ENDIF
    (2) statements -> . statement statements
    (3) statements -> . statement
    (4) statement -> . declaration
    (5) statement -> . assignment
    (6) statement -> . expression SEMI
    (7) statement -> . if_stmt
    (8) statement -> . while_stmt
    (9) statement -> . for_stmt
    (10) statement -> . output_stmt
    (11) statement -> . input_stmt
    (12) statement -> . func_decl
    (13) statement -> . return_stmt
    (14) statement -> . func_call_stmt
    (15) statement -> . break_stmt
    (16) statement -> . continue_stmt
    (17) statement -> . adt_decl
    (102) statement -> . ID LPAREN expression RPAREN SEMI
    (18) declaration -> . type ID SEMI
    (19) declaration -> . type ID ASSIGN expression SEMI
    (20) declaration -> . type ID LBRACKET expression RBRACKET SEMI
    (90) assignment -> . lvalue ASSIGN expression SEMI
    (28) expression -> . expression PLUS expression
    (29) expression -> . expression MINUS expression
    (30) expression -> . expression TIMES expression
    (31) expression -> . expression DIVIDE expression
    (32) expression -> . expression MOD expression
    (33) expression -> . expression AND expression
    (34) expression -> . expression OR expression
    (35) expression -> . expression EQ expression
    (36) expression -> . expression NEQ expression
    (37) expression -> . expression LT expression
    (38) expression -> . expression LE expression
    (39) expression -> . expression GT expression
    (40) expression -> . expression GE expression
    (41) expression -> . expression BIT_AND expression
    (42) expression -> . expression BIT_OR expression
    (43) expression -> . expression BIT_XOR expression
    (44) expression -> . expression SHIFT_LEFT expression
    (45) expression -> . expression SHIFT_RIGHT expression
    (46) expression -> . MINUS expression
    (47) expression -> . NOT expression
    (48) expression -> . BIT_NOT expression
    (49) expression -> . INCREMENT expression
    (50) expression -> . DECREMENT expression
    (51) expression -> . LPAREN expression RPAREN
    (52) expression -> . INTEGER
    (53) expression -> . FLOAT
    (54) expression -> . ID
    (55) expression -> . ID LBRACKET expression RBRACKET
    (56) expression -> . ID DOT ID
    (57) expression -> . func_call
    (58) expression -> . STRING
    (59) expression -> . TRUE
    (60) expression -> . FALSE
    (98) if_stmt -> . IF LPAREN expression RPAREN COLON statements ENDIF
    (99) if_stmt -> . IF LPAREN expression RPAREN COLON statements ELSE COLON statements ENDIF
    (100) while_stmt -> . WHILE LPAREN expression RPAREN COLON statements ENDWHILE
    (94) for_stmt -> . for_header statements ENDFOR
    (101) output_stmt -> . OUTPUT expression SEMI
    (103) input_stmt -> . INPUT ID SEMI
    (72) func_decl -> . func_start statements ENDFUNC
    (67) return_stmt -> . RETURN expression SEMI
    (68) return_stmt -> . RETURN SEMI
    (69) func_call_stmt -> . func_call SEMI
    (96) break_stmt -> . BREAK SEMI
    (97) continue_stmt -> . CONTINUE SEMI
    (81) adt_decl -> . adt_head adt_body ENDADT
    (21) type -> . INT_TYPE
    (22) type -> . FLOAT_TYPE
    (23) type -> . STRING_TYPE
    (24) type -> . BOOL_TYPE
    (25) type -> . CHAR_TYPE
    (26) type -> . VOID_TYPE
    (27) type -> . ID
    (91) lvalue -> . ID
    (92) lvalue -> . ID DOT ID
    (93) lvalue -> . ID LBRACKET expression RBRACKET
    (70) func_call -> . ID LPAREN arg_list_opt RPAREN
    (71) func_call -> . ID DOT ID LPAREN arg_list_opt RPAREN
    (95) for_header -> . FOR LPAREN ID IN expression RANGE expression RPAREN COLON
    (73) func_start -> . FUNC ID LPAREN param_list_opt RPAREN COLON
    (80) adt_head -> . ADT ID LPAREN param_list_opt RPAREN COLON

    ID              shift and go to state 18
    MINUS           shift and go to state 22
    NOT             shift and go to state 23
    BIT_NOT         shift and go to state 24
    INCREMENT       shift and go to state 25
    DECREMENT       shift and go to state 26
    LPAREN          shift and go to state 19
    INTEGER         shift and go to state 27
    FLOAT           shift and go to state 28
    STRING          shift and go to state 30
    TRUE            shift and go to state 31
    FALSE           shift and go to state 32
    IF              shift and go to state 33
    WHILE           shift and go to state 34
    OUTPUT          shift and go to state 36
    INPUT           shift and go to state 37
    RETURN          shift and go to state 39
    BREAK           shift and go to state 40
    CONTINUE        shift and go to state 41
    INT_TYPE        shift and go to state 43
    FLOAT_TYPE      shift and go to state 44
    STRING_TYPE     shift and go to state 45
    BOOL_TYPE       shift and go to state 46
    CHAR_TYPE       shift and go to state 47
    VOID_TYPE       shift and go to state 48
    FOR             shift and go to state 49
    FUNC            shift and go to state 50
    ADT             shift and go to state 51

    expression                     shift and go to state 6
    statements                     shift and go to state 195
    statement                      shift and go to state 3
    declaration                    shift and go to state 4
    assignment                     shift and go to state 5
    if_stmt                        shift and go to state 7
    while_stmt                     shift and go to state 8
    for_stmt                       shift and go to state 9
    output_stmt                    shift and go to state 10
    input_stmt                     shift and go to state 11
    func_decl                      shift and go to state 12
    return_stmt                    shift and go to state 13
    func_call_stmt                 shift and go to state 14
    break_stmt                     shift and go to state 15
    continue_stmt                  shift and go to state 16
    adt_decl                       shift and go to state 17
    type                           shift and go to state 20
    lvalue                         shift and go to state 21
    func_call                      shift and go to state 29
    for_header                     shift and go to state 35
    func_start                     shift and go to state 38
    adt_head                       shift and go to state 42

state 185

    (100) while_stmt -> WHILE LPAREN expression RPAREN COLON . statements ENDWHILE
    (2) statements -> . statement statements
    (3) statements -> . statement
    (4) statement -> . declaration
    (5) statement -> . assignment
    (6) statement -> . expression SEMI
    (7) statement -> . if_stmt
    (8) statement -> . while_stmt
    (9) statement -> . for_stmt
    (10) statement -> . output_stmt
    (11) statement -> . input_stmt
    (12) statement -> . func_decl
    (13) statement -> . return_stmt
    (14) statement -> . func_call_stmt
    (15) statement -> . break_stmt
    (16) statement -> . continue_stmt
    (17) statement -> . adt_decl
    (102) statement -> . ID LPAREN expression RPAREN SEMI
    (18) declaration -> . type ID SEMI
    (19) declaration -> . type ID ASSIGN expression SEMI
    (20) declaration -> . type ID LBRACKET expression RBRACKET SEMI
    (90) assignment -> . lvalue ASSIGN expression SEMI
    (28) expression -> . expression PLUS expression
    (29) expression -> . expression MINUS expression
    (30) expression -> . expression TIMES expression
    (31) expression -> . expression DIVIDE expression
    (32) expression -> . expression MOD expression
    (33) expression -> . expression AND expression
    (34) expression -> . expression OR expression
    (35) expression -> . expression EQ expression
    (36) expression -> . expression NEQ expression
    (37) expression -> . expression LT expression
    (38) expression -> . expression LE expression
    (39) expression -> . expression GT expression
    (40) expression -> . expression GE expression
    (41) expression -> . expression BIT_AND expression
    (42) expression -> . expression BIT_OR expression
    (43) expression -> . expression BIT_XOR expression
    (44) expression -> . expression SHIFT_LEFT expression
    (45) expression -> . expression SHIFT_RIGHT expression
    (46) expression -> . MINUS expression
    (47) expression -> . NOT expression
    (48) expression -> . BIT_NOT expression
    (49) expression -> . INCREMENT expression
    (50) expression -> . DECREMENT expression
    (51) expression -> . LPAREN expression RPAREN
    (52) expression -> . INTEGER
    (53) expression -> . FLOAT
    (54) expression -> . ID
    (55) expression -> . ID LBRACKET expression RBRACKET
    (56) expression -> . ID DOT ID
    (57) expression -> . func_call
    (58) expression -> . STRING
    (59) expression -> . TRUE
    (60) expression -> . FALSE
    (98) if_stmt -> . IF LPAREN expression RPAREN COLON statements ENDIF
    (99) if_stmt -> . IF LPAREN expression RPAREN COLON statements ELSE COLON statements ENDIF
    (100) while_stmt -> . WHILE LPAREN expression RPAREN COLON statements ENDWHILE
    (94) for_stmt -> . for_header statements ENDFOR
    (101) output_stmt -> . OUTPUT expression SEMI
    (103) input_stmt -> . INPUT ID SEMI
    (72) func_decl -> . func_start statements ENDFUNC
    (67) return_stmt -> . RETURN expression SEMI
    (68) return_stmt -> . RETURN SEMI
    (69) func_call_stmt -> . func_call SEMI
    (96) break_stmt -> . BREAK SEMI
    (97) continue_stmt -> . CONTINUE SEMI
    (81) adt_decl -> . adt_head adt_body ENDADT
    (21) type -> . INT_TYPE
    (22) type -> . FLOAT_TYPE
    (23) type -> . STRING_TYPE
    (24) type -> . BOOL_TYPE
    (25) type -> . CHAR_TYPE
    (26) type -> . VOID_TYPE
    (27) type -> . ID
    (91) lvalue -> . ID
    (92) lvalue -> . ID DOT ID
    (93) lvalue -> . ID LBRACKET expression RBRACKET
    (70) func_call -> . ID LPAREN arg_list_opt RPAREN
    (71) func_call -> . ID DOT ID LPAREN arg_list_opt RPAREN
    (95) for_header -> . FOR LPAREN ID IN expression RANGE expression RPAREN COLON
    (73) func_start -> . FUNC ID LPAREN param_list_opt RPAREN COLON
    (80) adt_head -> . ADT ID LPAREN param_list_opt RPAREN COLON

    ID              shift and go to state 18
    MINUS           shift and go to state 22
    NOT             shift and go to state 23
    BIT_NOT         shift and go to state 24
    INCREMENT       shift and go to state 25
    DECREMENT       shift and go to state 26
    LPAREN          shift and go to state 19
    INTEGER         shift and go to state 27
    FLOAT           shift and go to state 28
    STRING          shift and go to state 30
    TRUE            shift and go to state 31
    FALSE           shift and go to state 32
    IF              shift and go to state 33
    WHILE           shift and go to state 34
    OUTPUT          shift and go to state 36
    INPUT           shift and go to state 37
    RETURN          shift and go to state 39
    BREAK           shift and go to state 40
    CONTINUE        shift and go to state 41
    INT_TYPE        shift and go to state 43
    FLOAT_TYPE      shift and go to state 44
    STRING_TYPE     shift and go to state 45
    BOOL_TYPE       shift and go to state 46
    CHAR_TYPE       shift and go to state 47
    VOID_TYPE       shift and go to state 48
    FOR             shift and go to state 49
    FUNC            shift and go to state 50
    ADT             shift and go to state 51

    expression                     shift and go to state 6
    statements                     shift and go to state 196
    statement                      shift and go to state 3
    declaration                    shift and go to state 4
    assignment                     shift and go to state 5
    if_stmt                        shift and go to state 7
    while_stmt                     shift and go to state 8
    for_stmt                       shift and go to state 9
    output_stmt                    shift and go to state 10
    input_stmt                     shift and go to state 11
    func_decl                      shift and go to state 12
    return_stmt                    shift and go to state 13
    func_call_stmt                 shift and go to state 14
    break_stmt                     shift and go to state 15
    continue_stmt                  shift and go to state 16
    adt_decl                       shift and go to state 17
    type                           shift and go to state 20
    lvalue                         shift and go to state 21
    func_call                      shift and go to state 29
    for_header                     shift and go to state 35
    func_start                     shift and go to state 38
    adt_head                       shift and go to state 42

state 186

    (86) member_list -> member_decl member_list .

    PRIVATE         reduce using rule 86 (member_list -> member_decl member_list .)
    PUBLIC          reduce using rule 86 (member_list -> member_decl member_list .)
    ENDADT          reduce using rule 86 (member_list -> member_decl member_list .)


state 187

    (88) member_decl -> type ID . SEMI

    SEMI            shift and go to state 197


state 188

    (95) for_header -> FOR LPAREN ID IN expression . RANGE expression RPAREN COLON
    (28) expression -> expression . PLUS expression
    (29) expression -> expression . MINUS expression
    (30) expression -> expression . TIMES expression
    (31) expression -> expression . DIVIDE expression
    (32) expression -> expression . MOD expression
    (33) expression -> expression . AND expression
    (34) expression -> expression . OR expression
    (35) expression -> expression . EQ expression
    (36) expression -> expression . NEQ expression
    (37) expression -> expression . LT expression
    (38) expression -> expression . LE expression
    (39) expression -> expression . GT expression
    (40) expression -> expression . GE expression
    (41) expression -> expression . BIT_AND expression
    (42) expression -> expression . BIT_OR expression
    (43) expression -> expression . BIT_XOR expression
    (44) expression -> expression . SHIFT_LEFT expression
    (45) expression -> expression . SHIFT_RIGHT expression

    RANGE           shift and go to state 198
    PLUS            shift and go to state 54
    MINUS           shift and go to state 55
    TIMES           shift and go to state 56
    DIVIDE          shift and go to state 57
    MOD             shift and go to state 58
    AND             shift and go to state 59
    OR              shift and go to state 60
    EQ              shift and go to state 61
    NEQ             shift and go to state 62
    LT              shift and go to state 63
    LE              shift and go to state 64
    GT              shift and go to state 65
    GE              shift and go to state 66
    BIT_AND         shift and go to state 67
    BIT_OR          shift and go to state 68
    BIT_XOR         shift and go to state 69
    SHIFT_LEFT      shift and go to state 70
    SHIFT_RIGHT     shift and go to state 71


state 189

    (73) func_start -> FUNC ID LPAREN param_list_opt RPAREN . COLON

    COLON           shift and go to state 199


state 190

    (63) param_list -> param COMMA . param_list
    (63) param_list -> . param COMMA param_list
    (64) param_list -> . param
    (65) param -> . type ID
    (66) param -> . type ID LBRACKET RBRACKET
    (21) type -> . INT_TYPE
    (22) type -> . FLOAT_TYPE
    (23) type -> . STRING_TYPE
    (24) type -> . BOOL_TYPE
    (25) type -> . CHAR_TYPE
    (26) type -> . VOID_TYPE
    (27) type -> . ID

    INT_TYPE        shift and go to state 43
    FLOAT_TYPE      shift and go to state 44
    STRING_TYPE     shift and go to state 45
    BOOL_TYPE       shift and go to state 46
    CHAR_TYPE       shift and go to state 47
    VOID_TYPE       shift and go to state 48
    ID              shift and go to state 168

    param                          shift and go to state 175
    param_list                     shift and go to state 200
    type                           shift and go to state 176

state 191

    (65) param -> type ID .
    (66) param -> type ID . LBRACKET RBRACKET

    COMMA           reduce using rule 65 (param -> type ID .)
    RPAREN          reduce using rule 65 (param -> type ID .)
    LBRACKET        shift and go to state 201


state 192

    (80) adt_head -> ADT ID LPAREN param_list_opt RPAREN . COLON

    COLON           shift and go to state 202


state 193

    (71) func_call -> ID DOT ID LPAREN arg_list_opt RPAREN .

    SEMI            reduce using rule 71 (func_call -> ID DOT ID LPAREN arg_list_opt RPAREN .)
    PLUS            reduce using rule 71 (func_call -> ID DOT ID LPAREN arg_list_opt RPAREN .)
    MINUS           reduce using rule 71 (func_call -> ID DOT ID LPAREN arg_list_opt RPAREN .)
    TIMES           reduce using rule 71 (func_call -> ID DOT ID LPAREN arg_list_opt RPAREN .)
    DIVIDE          reduce using rule 71 (func_call -> ID DOT ID LPAREN arg_list_opt RPAREN .)
    MOD             reduce using rule 71 (func_call -> ID DOT ID LPAREN arg_list_opt RPAREN .)
    AND             reduce using rule 71 (func_call -> ID DOT ID LPAREN arg_list_opt RPAREN .)
    OR              reduce using rule 71 (func_call -> ID DOT ID LPAREN arg_list_opt RPAREN .)
    EQ              reduce using rule 71 (func_call -> ID DOT ID LPAREN arg_list_opt RPAREN .)
    NEQ             reduce using rule 71 (func_call -> ID DOT ID LPAREN arg_list_opt RPAREN .)
    LT              reduce using rule 71 (func_call -> ID DOT ID LPAREN arg_list_opt RPAREN .)
    LE              reduce using rule 71 (func_call -> ID DOT ID LPAREN arg_list_opt RPAREN .)
    GT              reduce using rule 71 (func_call -> ID DOT ID LPAREN arg_list_opt RPAREN .)
    GE              reduce using rule 71 (func_call -> ID DOT ID LPAREN arg_list_opt RPAREN .)
    BIT_AND         reduce using rule 71 (func_call -> ID DOT ID LPAREN arg_list_opt RPAREN .)
    BIT_OR          reduce using rule 71 (func_call -> ID DOT ID LPAREN arg_list_opt RPAREN .)
    BIT_XOR         reduce using rule 71 (func_call -> ID DOT ID LPAREN arg_list_opt RPAREN .)
    SHIFT_LEFT      reduce using rule 71 (func_call -> ID DOT ID LPAREN arg_list_opt RPAREN .)
    SHIFT_RIGHT     reduce using rule 71 (func_call -> ID DOT ID LPAREN arg_list_opt RPAREN .)
    RPAREN          reduce using rule 71 (func_call -> ID DOT ID LPAREN arg_list_opt RPAREN .)
    COMMA           reduce using rule 71 (func_call -> ID DOT ID LPAREN arg_list_opt RPAREN .)
    RBRACKET        reduce using rule 71 (func_call -> ID DOT ID LPAREN arg_list_opt RPAREN .)
    RANGE           reduce using rule 71 (func_call -> ID DOT ID LPAREN arg_list_opt RPAREN .)


state 194

    (20) declaration -> type ID LBRACKET expression RBRACKET SEMI .

    ID              reduce using rule 20 (declaration -> type ID LBRACKET expression RBRACKET SEMI .)
    MINUS           reduce using rule 20 (declaration -> type ID LBRACKET expression RBRACKET SEMI .)
    NOT             reduce using rule 20 (declaration -> type ID LBRACKET expression RBRACKET SEMI .)
    BIT_NOT         reduce using rule 20 (declaration -> type ID LBRACKET expression RBRACKET SEMI .)
    INCREMENT       reduce using rule 20 (declaration -> type ID LBRACKET expression RBRACKET SEMI .)
    DECREMENT       reduce using rule 20 (declaration -> type ID LBRACKET expression RBRACKET SEMI .)
    LPAREN          reduce using rule 20 (declaration -> type ID LBRACKET expression RBRACKET SEMI .)
    INTEGER         reduce using rule 20 (declaration -> type ID LBRACKET expression RBRACKET SEMI .)
    FLOAT           reduce using rule 20 (declaration -> type ID LBRACKET expression RBRACKET SEMI .)
    STRING          reduce using rule 20 (declaration -> type ID LBRACKET expression RBRACKET SEMI .)
    TRUE            reduce using rule 20 (declaration -> type ID LBRACKET expression RBRACKET SEMI .)
    FALSE           reduce using rule 20 (declaration -> type ID LBRACKET expression RBRACKET SEMI .)
    IF              reduce using rule 20 (declaration -> type ID LBRACKET expression RBRACKET SEMI .)
    WHILE           reduce using rule 20 (declaration -> type ID LBRACKET expression RBRACKET SEMI .)
    OUTPUT          reduce using rule 20 (declaration -> type ID LBRACKET expression RBRACKET SEMI .)
    INPUT           reduce using rule 20 (declaration -> type ID LBRACKET expression RBRACKET SEMI .)
    RETURN          reduce using rule 20 (declaration -> type ID LBRACKET expression RBRACKET SEMI .)
    BREAK           reduce using rule 20 (declaration -> type ID LBRACKET expression RBRACKET SEMI .)
    CONTINUE        reduce using rule 20 (declaration -> type ID LBRACKET expression RBRACKET SEMI .)
    INT_TYPE        reduce using rule 20 (declaration -> type ID LBRACKET expression RBRACKET SEMI .)
    FLOAT_TYPE      reduce using rule 20 (declaration -> type ID LBRACKET expression RBRACKET SEMI .)
    STRING_TYPE     reduce using rule 20 (declaration -> type ID LBRACKET expression RBRACKET SEMI .)
    BOOL_TYPE       reduce using rule 20 (declaration -> type ID LBRACKET expression RBRACKET SEMI .)
    CHAR_TYPE       reduce using rule 20 (declaration -> type ID LBRACKET expression RBRACKET SEMI .)
    VOID_TYPE       reduce using rule 20 (declaration -> type ID LBRACKET expression RBRACKET SEMI .)
    FOR             reduce using rule 20 (declaration -> type ID LBRACKET expression RBRACKET SEMI .)
    FUNC            reduce using rule 20 (declaration -> type ID LBRACKET expression RBRACKET SEMI .)
    ADT             reduce using rule 20 (declaration -> type ID LBRACKET expression RBRACKET SEMI .)
    $end            reduce using rule 20 (declaration -> type ID LBRACKET expression RBRACKET SEMI .)
    ENDFOR          reduce using rule 20 (declaration -> type ID LBRACKET expression RBRACKET SEMI .)
    ENDFUNC         reduce using rule 20 (declaration -> type ID LBRACKET expression RBRACKET SEMI .)
    ENDIF           reduce using rule 20 (declaration -> type ID LBRACKET expression RBRACKET SEMI .)
    ELSE            reduce using rule 20 (declaration -> type ID LBRACKET expression RBRACKET SEMI .)
    ENDWHILE        reduce using rule 20 (declaration -> type ID LBRACKET expression RBRACKET SEMI .)


state 195

    (98) if_stmt -> IF LPAREN expression RPAREN COLON statements . ENDIF
    (99) if_stmt -> IF LPAREN expression RPAREN COLON statements . ELSE COLON statements ENDIF

    ENDIF           shift and go to state 203
    ELSE            shift and go to state 204


state 196

    (100) while_stmt -> WHILE LPAREN expression RPAREN COLON statements . ENDWHILE

    ENDWHILE        shift and go to state 205


state 197

    (88) member_decl -> type ID SEMI .

    INT_TYPE        reduce using rule 88 (member_decl -> type ID SEMI .)
    FLOAT_TYPE      reduce using rule 88 (member_decl -> type ID SEMI .)
    STRING_TYPE     reduce using rule 88 (member_decl -> type ID SEMI .)
    BOOL_TYPE       reduce using rule 88 (member_decl -> type ID SEMI .)
    CHAR_TYPE       reduce using rule 88 (member_decl -> type ID SEMI .)
    VOID_TYPE       reduce using rule 88 (member_decl -> type ID SEMI .)
    ID              reduce using rule 88 (member_decl -> type ID SEMI .)
    FUNC            reduce using rule 88 (member_decl -> type ID SEMI .)
    PRIVATE         reduce using rule 88 (member_decl -> type ID SEMI .)
    PUBLIC          reduce using rule 88 (member_decl -> type ID SEMI .)
    ENDADT          reduce using rule 88 (member_decl -> type ID SEMI .)


state 198

    (95) for_header -> FOR LPAREN ID IN expression RANGE . expression RPAREN COLON
    (28) expression -> . expression PLUS expression
    (29) expression -> . expression MINUS expression
    (30) expression -> . expression TIMES expression
    (31) expression -> . expression DIVIDE expression
    (32) expression -> . expression MOD expression
    (33) expression -> . expression AND expression
    (34) expression -> . expression OR expression
    (35) expression -> . expression EQ expression
    (36) expression -> . expression NEQ expression
    (37) expression -> . expression LT expression
    (38) expression -> . expression LE expression
    (39) expression -> . expression GT expression
    (40) expression -> . expression GE expression
    (41) expression -> . expression BIT_AND expression
    (42) expression -> . expression BIT_OR expression
    (43) expression -> . expression BIT_XOR expression
    (44) expression -> . expression SHIFT_LEFT expression
    (45) expression -> . expression SHIFT_RIGHT expression
    (46) expression -> . MINUS expression
    (47) expression -> . NOT expression
    (48) expression -> . BIT_NOT expression
    (49) expression -> . INCREMENT expression
    (50) expression -> . DECREMENT expression
    (51) expression -> . LPAREN expression RPAREN
    (52) expression -> . INTEGER
    (53) expression -> . FLOAT
    (54) expression -> . ID
    (55) expression -> . ID LBRACKET expression RBRACKET
    (56) expression -> . ID DOT ID
    (57) expression -> . func_call
    (58) expression -> . STRING
    (59) expression -> . TRUE
    (60) expression -> . FALSE
    (70) func_call -> . ID LPAREN arg_list_opt RPAREN
    (71) func_call -> . ID DOT ID LPAREN arg_list_opt RPAREN

    MINUS           shift and go to state 22
    NOT             shift and go to state 23
    BIT_NOT         shift and go to state 24
    INCREMENT       shift and go to state 25
    DECREMENT       shift and go to state 26
    LPAREN          shift and go to state 19
    INTEGER         shift and go to state 27
    FLOAT           shift and go to state 28
    ID              shift and go to state 76
    STRING          shift and go to state 30
    TRUE            shift and go to state 31
    FALSE           shift and go to state 32

    expression                     shift and go to state 206
    func_call                      shift and go to state 77

state 199

    (73) func_start -> FUNC ID LPAREN param_list_opt RPAREN COLON .

    ID              reduce using rule 73 (func_start -> FUNC ID LPAREN param_list_opt RPAREN COLON .)
    MINUS           reduce using rule 73 (func_start -> FUNC ID LPAREN param_list_opt RPAREN COLON .)
    NOT             reduce using rule 73 (func_start -> FUNC ID LPAREN param_list_opt RPAREN COLON .)
    BIT_NOT         reduce using rule 73 (func_start -> FUNC ID LPAREN param_list_opt RPAREN COLON .)
    INCREMENT       reduce using rule 73 (func_start -> FUNC ID LPAREN param_list_opt RPAREN COLON .)
    DECREMENT       reduce using rule 73 (func_start -> FUNC ID LPAREN param_list_opt RPAREN COLON .)
    LPAREN          reduce using rule 73 (func_start -> FUNC ID LPAREN param_list_opt RPAREN COLON .)
    INTEGER         reduce using rule 73 (func_start -> FUNC ID LPAREN param_list_opt RPAREN COLON .)
    FLOAT           reduce using rule 73 (func_start -> FUNC ID LPAREN param_list_opt RPAREN COLON .)
    STRING          reduce using rule 73 (func_start -> FUNC ID LPAREN param_list_opt RPAREN COLON .)
    TRUE            reduce using rule 73 (func_start -> FUNC ID LPAREN param_list_opt RPAREN COLON .)
    FALSE           reduce using rule 73 (func_start -> FUNC ID LPAREN param_list_opt RPAREN COLON .)
    IF              reduce using rule 73 (func_start -> FUNC ID LPAREN param_list_opt RPAREN COLON .)
    WHILE           reduce using rule 73 (func_start -> FUNC ID LPAREN param_list_opt RPAREN COLON .)
    OUTPUT          reduce using rule 73 (func_start -> FUNC ID LPAREN param_list_opt RPAREN COLON .)
    INPUT           reduce using rule 73 (func_start -> FUNC ID LPAREN param_list_opt RPAREN COLON .)
    RETURN          reduce using rule 73 (func_start -> FUNC ID LPAREN param_list_opt RPAREN COLON .)
    BREAK           reduce using rule 73 (func_start -> FUNC ID LPAREN param_list_opt RPAREN COLON .)
    CONTINUE        reduce using rule 73 (func_start -> FUNC ID LPAREN param_list_opt RPAREN COLON .)
    INT_TYPE        reduce using rule 73 (func_start -> FUNC ID LPAREN param_list_opt RPAREN COLON .)
    FLOAT_TYPE      reduce using rule 73 (func_start -> FUNC ID LPAREN param_list_opt RPAREN COLON .)
    STRING_TYPE     reduce using rule 73 (func_start -> FUNC ID LPAREN param_list_opt RPAREN COLON .)
    BOOL_TYPE       reduce using rule 73 (func_start -> FUNC ID LPAREN param_list_opt RPAREN COLON .)
    CHAR_TYPE       reduce using rule 73 (func_start -> FUNC ID LPAREN param_list_opt RPAREN COLON .)
    VOID_TYPE       reduce using rule 73 (func_start -> FUNC ID LPAREN param_list_opt RPAREN COLON .)
    FOR             reduce using rule 73 (func_start -> FUNC ID LPAREN param_list_opt RPAREN COLON .)
    FUNC            reduce using rule 73 (func_start -> FUNC ID LPAREN param_list_opt RPAREN COLON .)
    ADT             reduce using rule 73 (func_start -> FUNC ID LPAREN param_list_opt RPAREN COLON .)


state 200

    (63) param_list -> param COMMA param_list .

    RPAREN          reduce using rule 63 (param_list -> param COMMA param_list .)


state 201

    (66) param -> type ID LBRACKET . RBRACKET

    RBRACKET        shift and go to state 207


state 202

    (80) adt_head -> ADT ID LPAREN param_list_opt RPAREN COLON .

    PRIVATE         reduce using rule 80 (adt_head -> ADT ID LPAREN param_list_opt RPAREN COLON .)
    PUBLIC          reduce using rule 80 (adt_head -> ADT ID LPAREN param_list_opt RPAREN COLON .)


state 203

    (98) if_stmt -> IF LPAREN expression RPAREN COLON statements ENDIF .

    ID              reduce using rule 98 (if_stmt -> IF LPAREN expression RPAREN COLON statements ENDIF .)
    MINUS           reduce using rule 98 (if_stmt -> IF LPAREN expression RPAREN COLON statements ENDIF .)
    NOT             reduce using rule 98 (if_stmt -> IF LPAREN expression RPAREN COLON statements ENDIF .)
    BIT_NOT         reduce using rule 98 (if_stmt -> IF LPAREN expression RPAREN COLON statements ENDIF .)
    INCREMENT       reduce using rule 98 (if_stmt -> IF LPAREN expression RPAREN COLON statements ENDIF .)
    DECREMENT       reduce using rule 98 (if_stmt -> IF LPAREN expression RPAREN COLON statements ENDIF .)
    LPAREN          reduce using rule 98 (if_stmt -> IF LPAREN expression RPAREN COLON statements ENDIF .)
    INTEGER         reduce using rule 98 (if_stmt -> IF LPAREN expression RPAREN COLON statements ENDIF .)
    FLOAT           reduce using rule 98 (if_stmt -> IF LPAREN expression RPAREN COLON statements ENDIF .)
    STRING          reduce using rule 98 (if_stmt -> IF LPAREN expression RPAREN COLON statements ENDIF .)
    TRUE            reduce using rule 98 (if_stmt -> IF LPAREN expression RPAREN COLON statements ENDIF .)
    FALSE           reduce using rule 98 (if_stmt -> IF LPAREN expression RPAREN COLON statements ENDIF .)
    IF              reduce using rule 98 (if_stmt -> IF LPAREN expression RPAREN COLON statements ENDIF .)
    WHILE           reduce using rule 98 (if_stmt -> IF LPAREN expression RPAREN COLON statements ENDIF .)
    OUTPUT          reduce using rule 98 (if_stmt -> IF LPAREN expression RPAREN COLON statements ENDIF .)
    INPUT           reduce using rule 98 (if_stmt -> IF LPAREN expression RPAREN COLON statements ENDIF .)
    RETURN          reduce using rule 98 (if_stmt -> IF LPAREN expression RPAREN COLON statements ENDIF .)
    BREAK           reduce using rule 98 (if_stmt -> IF LPAREN expression RPAREN COLON statements ENDIF .)
    CONTINUE        reduce using rule 98 (if_stmt -> IF LPAREN expression RPAREN COLON statements ENDIF .)
    INT_TYPE        reduce using rule 98 (if_stmt -> IF LPAREN expression RPAREN COLON statements ENDIF .)
    FLOAT_TYPE      reduce using rule 98 (if_stmt -> IF LPAREN expression RPAREN COLON statements ENDIF .)
    STRING_TYPE     reduce using rule 98 (if_stmt -> IF LPAREN expression RPAREN COLON statements ENDIF .)
    BOOL_TYPE       reduce using rule 98 (if_stmt -> IF LPAREN expression RPAREN COLON statements ENDIF .)
    CHAR_TYPE       reduce using rule 98 (if_stmt -> IF LPAREN expression RPAREN COLON statements ENDIF .)
    VOID_TYPE       reduce using rule 98 (if_stmt -> IF LPAREN expression RPAREN COLON statements ENDIF .)
    FOR             reduce using rule 98 (if_stmt -> IF LPAREN expression RPAREN COLON statements ENDIF .)
    FUNC            reduce using rule 98 (if_stmt -> IF LPAREN expression RPAREN COLON statements ENDIF .)
    ADT             reduce using rule 98 (if_stmt -> IF LPAREN expression RPAREN COLON statements ENDIF .)
    $end            reduce using rule 98 (if_stmt -> IF LPAREN expression RPAREN COLON statements ENDIF .)
    ENDFOR          reduce using rule 98 (if_stmt -> IF LPAREN expression RPAREN COLON statements ENDIF .)
    ENDFUNC         reduce using rule 98 (if_stmt -> IF LPAREN expression RPAREN COLON statements ENDIF .)
    ENDIF           reduce using rule 98 (if_stmt -> IF LPAREN expression RPAREN COLON statements ENDIF .)
    ELSE            reduce using rule 98 (if_stmt -> IF LPAREN expression RPAREN COLON statements ENDIF .)
    ENDWHILE        reduce using rule 98 (if_stmt -> IF LPAREN expression RPAREN COLON statements ENDIF .)


state 204

    (99) if_stmt -> IF LPAREN expression RPAREN COLON statements ELSE . COLON statements ENDIF

    COLON           shift and go to state 208


state 205

    (100) while_stmt -> WHILE LPAREN expression RPAREN COLON statements ENDWHILE .

    ID              reduce using rule 100 (while_stmt -> WHILE LPAREN expression RPAREN COLON statements ENDWHILE .)
    MINUS           reduce using rule 100 (while_stmt -> WHILE LPAREN expression RPAREN COLON statements ENDWHILE .)
    NOT             reduce using rule 100 (while_stmt -> WHILE LPAREN expression RPAREN COLON statements ENDWHILE .)
    BIT_NOT         reduce using rule 100 (while_stmt -> WHILE LPAREN expression RPAREN COLON statements ENDWHILE .)
    INCREMENT       reduce using rule 100 (while_stmt -> WHILE LPAREN expression RPAREN COLON statements ENDWHILE .)
    DECREMENT       reduce using rule 100 (while_stmt -> WHILE LPAREN expression RPAREN COLON statements ENDWHILE .)
    LPAREN          reduce using rule 100 (while_stmt -> WHILE LPAREN expression RPAREN COLON statements ENDWHILE .)
    INTEGER         reduce using rule 100 (while_stmt -> WHILE LPAREN expression RPAREN COLON statements ENDWHILE .)
    FLOAT           reduce using rule 100 (while_stmt -> WHILE LPAREN expression RPAREN COLON statements ENDWHILE .)
    STRING          reduce using rule 100 (while_stmt -> WHILE LPAREN expression RPAREN COLON statements ENDWHILE .)
    TRUE            reduce using rule 100 (while_stmt -> WHILE LPAREN expression RPAREN COLON statements ENDWHILE .)
    FALSE           reduce using rule 100 (while_stmt -> WHILE LPAREN expression RPAREN COLON statements ENDWHILE .)
    IF              reduce using rule 100 (while_stmt -> WHILE LPAREN expression RPAREN COLON statements ENDWHILE .)
    WHILE           reduce using rule 100 (while_stmt -> WHILE LPAREN expression RPAREN COLON statements ENDWHILE .)
    OUTPUT          reduce using rule 100 (while_stmt -> WHILE LPAREN expression RPAREN COLON statements ENDWHILE .)
    INPUT           reduce using rule 100 (while_stmt -> WHILE LPAREN expression RPAREN COLON statements ENDWHILE .)
    RETURN          reduce using rule 100 (while_stmt -> WHILE LPAREN expression RPAREN COLON statements ENDWHILE .)
    BREAK           reduce using rule 100 (while_stmt -> WHILE LPAREN expression RPAREN COLON statements ENDWHILE .)
    CONTINUE        reduce using rule 100 (while_stmt -> WHILE LPAREN expression RPAREN COLON statements ENDWHILE .)
    INT_TYPE        reduce using rule 100 (while_stmt -> WHILE LPAREN expression RPAREN COLON statements ENDWHILE .)
    FLOAT_TYPE      reduce using rule 100 (while_stmt -> WHILE LPAREN expression RPAREN COLON statements ENDWHILE .)
    STRING_TYPE     reduce using rule 100 (while_stmt -> WHILE LPAREN expression RPAREN COLON statements ENDWHILE .)
    BOOL_TYPE       reduce using rule 100 (while_stmt -> WHILE LPAREN expression RPAREN COLON statements ENDWHILE .)
    CHAR_TYPE       reduce using rule 100 (while_stmt -> WHILE LPAREN expression RPAREN COLON statements ENDWHILE .)
    VOID_TYPE       reduce using rule 100 (while_stmt -> WHILE LPAREN expression RPAREN COLON statements ENDWHILE .)
    FOR             reduce using rule 100 (while_stmt -> WHILE LPAREN expression RPAREN COLON statements ENDWHILE .)
    FUNC            reduce using rule 100 (while_stmt -> WHILE LPAREN expression RPAREN COLON statements ENDWHILE .)
    ADT             reduce using rule 100 (while_stmt -> WHILE LPAREN expression RPAREN COLON statements ENDWHILE .)
    $end            reduce using rule 100 (while_stmt -> WHILE LPAREN expression RPAREN COLON statements ENDWHILE .)
    ENDFOR          reduce using rule 100 (while_stmt -> WHILE LPAREN expression RPAREN COLON statements ENDWHILE .)
    ENDFUNC         reduce using rule 100 (while_stmt -> WHILE LPAREN expression RPAREN COLON statements ENDWHILE .)
    ENDIF           reduce using rule 100 (while_stmt -> WHILE LPAREN expression RPAREN COLON statements ENDWHILE .)
    ELSE            reduce using rule 100 (while_stmt -> WHILE LPAREN expression RPAREN COLON statements ENDWHILE .)
    ENDWHILE        reduce using rule 100 (while_stmt -> WHILE LPAREN expression RPAREN COLON statements ENDWHILE .)


state 206

    (95) for_header -> FOR LPAREN ID IN expression RANGE expression . RPAREN COLON
    (28) expression -> expression . PLUS expression
    (29) expression -> expression . MINUS expression
    (30) expression -> expression . TIMES expression
    (31) expression -> expression . DIVIDE expression
    (32) expression -> expression . MOD expression
    (33) expression -> expression . AND expression
    (34) expression -> expression . OR expression
    (35) expression -> expression . EQ expression
    (36) expression -> expression . NEQ expression
    (37) expression -> expression . LT expression
    (38) expression -> expression . LE expression
    (39) expression -> expression . GT expression
    (40) expression -> expression . GE expression
    (41) expression -> expression . BIT_AND expression
    (42) expression -> expression . BIT_OR expression
    (43) expression -> expression . BIT_XOR expression
    (44) expression -> expression . SHIFT_LEFT expression
    (45) expression -> expression . SHIFT_RIGHT expression

    RPAREN          shift and go to state 209
    PLUS            shift and go to state 54
    MINUS           shift and go to state 55
    TIMES           shift and go to state 56
    DIVIDE          shift and go to state 57
    MOD             shift and go to state 58
    AND             shift and go to state 59
    OR              shift and go to state 60
    EQ              shift and go to state 61
    NEQ             shift and go to state 62
    LT              shift and go to state 63
    LE              shift and go to state 64
    GT              shift and go to state 65
    GE              shift and go to state 66
    BIT_AND         shift and go to state 67
    BIT_OR          shift and go to state 68
    BIT_XOR         shift and go to state 69
    SHIFT_LEFT      shift and go to state 70
    SHIFT_RIGHT     shift and go to state 71


state 207

    (66) param -> type ID LBRACKET RBRACKET .

    COMMA           reduce using rule 66 (param -> type ID LBRACKET RBRACKET .)
    RPAREN          reduce using rule 66 (param -> type ID LBRACKET RBRACKET .)


state 208

    (99) if_stmt -> IF LPAREN expression RPAREN COLON statements ELSE COLON . statements ENDIF
    (2) statements -> . statement statements
    (3) statements -> . statement
    (4) statement -> . declaration
    (5) statement -> . assignment
    (6) statement -> . expression SEMI
    (7) statement -> . if_stmt
    (8) statement -> . while_stmt
    (9) statement -> . for_stmt
    (10) statement -> . output_stmt
    (11) statement -> . input_stmt
    (12) statement -> . func_decl
    (13) statement -> . return_stmt
    (14) statement -> . func_call_stmt
    (15) statement -> . break_stmt
    (16) statement -> . continue_stmt
    (17) statement -> . adt_decl
    (102) statement -> . ID LPAREN expression RPAREN SEMI
    (18) declaration -> . type ID SEMI
    (19) declaration -> . type ID ASSIGN expression SEMI
    (20) declaration -> . type ID LBRACKET expression RBRACKET SEMI
    (90) assignment -> . lvalue ASSIGN expression SEMI
    (28) expression -> . expression PLUS expression
    (29) expression -> . expression MINUS expression
    (30) expression -> . expression TIMES expression
    (31) expression -> . expression DIVIDE expression
    (32) expression -> . expression MOD expression
    (33) expression -> . expression AND expression
    (34) expression -> . expression OR expression
    (35) expression -> . expression EQ expression
    (36) expression -> . expression NEQ expression
    (37) expression -> . expression LT expression
    (38) expression -> . expression LE expression
    (39) expression -> . expression GT expression
    (40) expression -> . expression GE expression
    (41) expression -> . expression BIT_AND expression
    (42) expression -> . expression BIT_OR expression
    (43) expression -> . expression BIT_XOR expression
    (44) expression -> . expression SHIFT_LEFT expression
    (45) expression -> . expression SHIFT_RIGHT expression
    (46) expression -> . MINUS expression
    (47) expression -> . NOT expression
    (48) expression -> . BIT_NOT expression
    (49) expression -> . INCREMENT expression
    (50) expression -> . DECREMENT expression
    (51) expression -> . LPAREN expression RPAREN
    (52) expression -> . INTEGER
    (53) expression -> . FLOAT
    (54) expression -> . ID
    (55) expression -> . ID LBRACKET expression RBRACKET
    (56) expression -> . ID DOT ID
    (57) expression -> . func_call
    (58) expression -> . STRING
    (59) expression -> . TRUE
    (60) expression -> . FALSE
    (98) if_stmt -> . IF LPAREN expression RPAREN COLON statements ENDIF
    (99) if_stmt -> . IF LPAREN expression RPAREN COLON statements ELSE COLON statements ENDIF
    (100) while_stmt -> . WHILE LPAREN expression RPAREN COLON statements ENDWHILE
    (94) for_stmt -> . for_header statements ENDFOR
    (101) output_stmt -> . OUTPUT expression SEMI
    (103) input_stmt -> . INPUT ID SEMI
    (72) func_decl -> . func_start statements ENDFUNC
    (67) return_stmt -> . RETURN expression SEMI
    (68) return_stmt -> . RETURN SEMI
    (69) func_call_stmt -> . func_call SEMI
    (96) break_stmt -> . BREAK SEMI
    (97) continue_stmt -> . CONTINUE SEMI
    (81) adt_decl -> . adt_head adt_body ENDADT
    (21) type -> . INT_TYPE
    (22) type -> . FLOAT_TYPE
    (23) type -> . STRING_TYPE
    (24) type -> . BOOL_TYPE
    (25) type -> . CHAR_TYPE
    (26) type -> . VOID_TYPE
    (27) type -> . ID
    (91) lvalue -> . ID
    (92) lvalue -> . ID DOT ID
    (93) lvalue -> . ID LBRACKET expression RBRACKET
    (70) func_call -> . ID LPAREN arg_list_opt RPAREN
    (71) func_call -> . ID DOT ID LPAREN arg_list_opt RPAREN
    (95) for_header -> . FOR LPAREN ID IN expression RANGE expression RPAREN COLON
    (73) func_start -> . FUNC ID LPAREN param_list_opt RPAREN COLON
    (80) adt_head -> . ADT ID LPAREN param_list_opt RPAREN COLON

    ID              shift and go to state 18
    MINUS           shift and go to state 22
    NOT             shift and go to state 23
    BIT_NOT         shift and go to state 24
    INCREMENT       shift and go to state 25
    DECREMENT       shift and go to state 26
    LPAREN          shift and go to state 19
    INTEGER         shift and go to state 27
    FLOAT           shift and go to state 28
    STRING          shift and go to state 30
    TRUE            shift and go to state 31
    FALSE           shift and go to state 32
    IF              shift and go to state 33
    WHILE           shift and go to state 34
    OUTPUT          shift and go to state 36
    INPUT           shift and go to state 37
    RETURN          shift and go to state 39
    BREAK           shift and go to state 40
    CONTINUE        shift and go to state 41
    INT_TYPE        shift and go to state 43
    FLOAT_TYPE      shift and go to state 44
    STRING_TYPE     shift and go to state 45
    BOOL_TYPE       shift and go to state 46
    CHAR_TYPE       shift and go to state 47
    VOID_TYPE       shift and go to state 48
    FOR             shift and go to state 49
    FUNC            shift and go to state 50
    ADT             shift and go to state 51

    expression                     shift and go to state 6
    statements                     shift and go to state 210
    statement                      shift and go to state 3
    declaration                    shift and go to state 4
    assignment                     shift and go to state 5
    if_stmt                        shift and go to state 7
    while_stmt                     shift and go to state 8
    for_stmt                       shift and go to state 9
    output_stmt                    shift and go to state 10
    input_stmt                     shift and go to state 11
    func_decl                      shift and go to state 12
    return_stmt                    shift and go to state 13
    func_call_stmt                 shift and go to state 14
    break_stmt                     shift and go to state 15
    continue_stmt                  shift and go to state 16
    adt_decl                       shift and go to state 17
    type                           shift and go to state 20
    lvalue                         shift and go to state 21
    func_call                      shift and go to state 29
    for_header                     shift and go to state 35
    func_start                     shift and go to state 38
    adt_head                       shift and go to state 42

state 209

    (95) for_header -> FOR LPAREN ID IN expression RANGE expression RPAREN . COLON

    COLON           shift and go to state 211


state 210

    (99) if_stmt -> IF LPAREN expression RPAREN COLON statements ELSE COLON statements . ENDIF

    ENDIF           shift and go to state 212


state 211

    (95) for_header -> FOR LPAREN ID IN expression RANGE expression RPAREN COLON .

    ID              reduce using rule 95 (for_header -> FOR LPAREN ID IN expression RANGE expression RPAREN COLON .)
    MINUS           reduce using rule 95 (for_header -> FOR LPAREN ID IN expression RANGE expression RPAREN COLON .)
    NOT             reduce using rule 95 (for_header -> FOR LPAREN ID IN expression RANGE expression RPAREN COLON .)
    BIT_NOT         reduce using rule 95 (for_header -> FOR LPAREN ID IN expression RANGE expression RPAREN COLON .)
    INCREMENT       reduce using rule 95 (for_header -> FOR LPAREN ID IN expression RANGE expression RPAREN COLON .)
    DECREMENT       reduce using rule 95 (for_header -> FOR LPAREN ID IN expression RANGE expression RPAREN COLON .)
    LPAREN          reduce using rule 95 (for_header -> FOR LPAREN ID IN expression RANGE expression RPAREN COLON .)
    INTEGER         reduce using rule 95 (for_header -> FOR LPAREN ID IN expression RANGE expression RPAREN COLON .)
    FLOAT           reduce using rule 95 (for_header -> FOR LPAREN ID IN expression RANGE expression RPAREN COLON .)
    STRING          reduce using rule 95 (for_header -> FOR LPAREN ID IN expression RANGE expression RPAREN COLON .)
    TRUE            reduce using rule 95 (for_header -> FOR LPAREN ID IN expression RANGE expression RPAREN COLON .)
    FALSE           reduce using rule 95 (for_header -> FOR LPAREN ID IN expression RANGE expression RPAREN COLON .)
    IF              reduce using rule 95 (for_header -> FOR LPAREN ID IN expression RANGE expression RPAREN COLON .)
    WHILE           reduce using rule 95 (for_header -> FOR LPAREN ID IN expression RANGE expression RPAREN COLON .)
    OUTPUT          reduce using rule 95 (for_header -> FOR LPAREN ID IN expression RANGE expression RPAREN COLON .)
    INPUT           reduce using rule 95 (for_header -> FOR LPAREN ID IN expression RANGE expression RPAREN COLON .)
    RETURN          reduce using rule 95 (for_header -> FOR LPAREN ID IN expression RANGE expression RPAREN COLON .)
    BREAK           reduce using rule 95 (for_header -> FOR LPAREN ID IN expression RANGE expression RPAREN COLON .)
    CONTINUE        reduce using rule 95 (for_header -> FOR LPAREN ID IN expression RANGE expression RPAREN COLON .)
    INT_TYPE        reduce using rule 95 (for_header -> FOR LPAREN ID IN expression RANGE expression RPAREN COLON .)
    FLOAT_TYPE      reduce using rule 95 (for_header -> FOR LPAREN ID IN expression RANGE expression RPAREN COLON .)
    STRING_TYPE     reduce using rule 95 (for_header -> FOR LPAREN ID IN expression RANGE expression RPAREN COLON .)
    BOOL_TYPE       reduce using rule 95 (for_header -> FOR LPAREN ID IN expression RANGE expression RPAREN COLON .)
    CHAR_TYPE       reduce using rule 95 (for_header -> FOR LPAREN ID IN expression RANGE expression RPAREN COLON .)
    VOID_TYPE       reduce using rule 95 (for_header -> FOR LPAREN ID IN expression RANGE expression RPAREN COLON .)
    FOR             reduce using rule 95 (for_header -> FOR LPAREN ID IN expression RANGE expression RPAREN COLON .)
    FUNC            reduce using rule 95 (for_header -> FOR LPAREN ID IN expression RANGE expression RPAREN COLON .)
    ADT             reduce using rule 95 (for_header -> FOR LPAREN ID IN expression RANGE expression RPAREN COLON .)


state 212

    (99) if_stmt -> IF LPAREN expression RPAREN COLON statements ELSE COLON statements ENDIF .

    ID              reduce using rule 99 (if_stmt -> IF LPAREN expression RPAREN COLON statements ELSE COLON statements ENDIF .)
    MINUS           reduce using rule 99 (if_stmt -> IF LPAREN expression RPAREN COLON statements ELSE COLON statements ENDIF .)
    NOT             reduce using rule 99 (if_stmt -> IF LPAREN expression RPAREN COLON statements ELSE COLON statements ENDIF .)
    BIT_NOT         reduce using rule 99 (if_stmt -> IF LPAREN expression RPAREN COLON statements ELSE COLON statements ENDIF .)
    INCREMENT       reduce using rule 99 (if_stmt -> IF LPAREN expression RPAREN COLON statements ELSE COLON statements ENDIF .)
    DECREMENT       reduce using rule 99 (if_stmt -> IF LPAREN expression RPAREN COLON statements ELSE COLON statements ENDIF .)
    LPAREN          reduce using rule 99 (if_stmt -> IF LPAREN expression RPAREN COLON statements ELSE COLON statements ENDIF .)
    INTEGER         reduce using rule 99 (if_stmt -> IF LPAREN expression RPAREN COLON statements ELSE COLON statements ENDIF .)
    FLOAT           reduce using rule 99 (if_stmt -> IF LPAREN expression RPAREN COLON statements ELSE COLON statements ENDIF .)
    STRING          reduce using rule 99 (if_stmt -> IF LPAREN expression RPAREN COLON statements ELSE COLON statements ENDIF .)
    TRUE            reduce using rule 99 (if_stmt -> IF LPAREN expression RPAREN COLON statements ELSE COLON statements ENDIF .)
    FALSE           reduce using rule 99 (if_stmt -> IF LPAREN expression RPAREN COLON statements ELSE COLON statements ENDIF .)
    IF              reduce using rule 99 (if_stmt -> IF LPAREN expression RPAREN COLON statements ELSE COLON statements ENDIF .)
    WHILE           reduce using rule 99 (if_stmt -> IF LPAREN expression RPAREN COLON statements ELSE COLON statements ENDIF .)
    OUTPUT          reduce using rule 99 (if_stmt -> IF LPAREN expression RPAREN COLON statements ELSE COLON statements ENDIF .)
    INPUT           reduce using rule 99 (if_stmt -> IF LPAREN expression RPAREN COLON statements ELSE COLON statements ENDIF .)
    RETURN          reduce using rule 99 (if_stmt -> IF LPAREN expression RPAREN COLON statements ELSE COLON statements ENDIF .)
    BREAK           reduce using rule 99 (if_stmt -> IF LPAREN expression RPAREN COLON statements ELSE COLON statements ENDIF .)
    CONTINUE        reduce using rule 99 (if_stmt -> IF LPAREN expression RPAREN COLON statements ELSE COLON statements ENDIF .)
    INT_TYPE        reduce using rule 99 (if_stmt -> IF LPAREN expression RPAREN COLON statements ELSE COLON statements ENDIF .)
    FLOAT_TYPE      reduce using rule 99 (if_stmt -> IF LPAREN expression RPAREN COLON statements ELSE COLON statements ENDIF .)
    STRING_TYPE     reduce using rule 99 (if_stmt -> IF LPAREN expression RPAREN COLON statements ELSE COLON statements ENDIF .)
    BOOL_TYPE       reduce using rule 99 (if_stmt -> IF LPAREN expression RPAREN COLON statements ELSE COLON statements ENDIF .)
    CHAR_TYPE       reduce using rule 99 (if_stmt -> IF LPAREN expression RPAREN COLON statements ELSE COLON statements ENDIF .)
    VOID_TYPE       reduce using rule 99 (if_stmt -> IF LPAREN expression RPAREN COLON statements ELSE COLON statements ENDIF .)
    FOR             reduce using rule 99 (if_stmt -> IF LPAREN expression RPAREN COLON statements ELSE COLON statements ENDIF .)
    FUNC            reduce using rule 99 (if_stmt -> IF LPAREN expression RPAREN COLON statements ELSE COLON statements ENDIF .)
    ADT             reduce using rule 99 (if_stmt -> IF LPAREN expression RPAREN COLON statements ELSE COLON statements ENDIF .)
    $end            reduce using rule 99 (if_stmt -> IF LPAREN expression RPAREN COLON statements ELSE COLON statements ENDIF .)
    ENDFOR          reduce using rule 99 (if_stmt -> IF LPAREN expression RPAREN COLON statements ELSE COLON statements ENDIF .)
    ENDFUNC         reduce using rule 99 (if_stmt -> IF LPAREN expression RPAREN COLON statements ELSE COLON statements ENDIF .)
    ENDIF           reduce using rule 99 (if_stmt -> IF LPAREN expression RPAREN COLON statements ELSE COLON statements ENDIF .)
    ELSE            reduce using rule 99 (if_stmt -> IF LPAREN expression RPAREN COLON statements ELSE COLON statements ENDIF .)
    ENDWHILE        reduce using rule 99 (if_stmt -> IF LPAREN expression RPAREN COLON statements ELSE COLON statements ENDIF .)

WARNING: 
WARNING: Conflicts:
WARNING: 
WARNING: shift/reduce conflict for SEMI in state 29 resolved as shift
WARNING: shift/reduce conflict for RPAREN in state 122 resolved as shift
WARNING: reduce/reduce conflict in state 121 resolved using rule (expression -> ID)
WARNING: rejected rule (arg -> ID) in state 121
WARNING: reduce/reduce conflict in state 158 resolved using rule (expression -> ID)
WARNING: rejected rule (arg -> ID) in state 158
WARNING: Rule (arg -> ID) is never reduced
